Id,R,Name,Team,Year,Pv,Mv,Fm,games,time,goals,xG,assists,xA,shots,key_passes,yellow_cards,red_cards,position,team_title,npg,npxG,xGChain,xGBuildup,last_name,first_initial,merge_key
2428,P,Sommer,Inter,2024,1,5.5,6.5,34.0,3060.0,0.0,0.0,0.0,0.0,0.0,0.0,1.0,0.0,GK,Inter,0.0,0.0,9.55554497987032,9.55554497987032,Sommer,Y,Sommer
5876,P,Di Gregorio,Juventus,2024,0,0.0,0.0,33.0,2872.0,0.0,0.0,0.0,0.0,0.0,0.0,0.0,0.0,GK,Monza,0.0,0.0,5.725842714309692,5.725842714309692,Di Gregorio,M,Di Gregorio
572,P,Meret,Napoli,2024,1,6.0,3.0,31.0,2774.0,0.0,0.0,0.0,0.1849974691867828,0.0,1.0,0.0,0.0,GK,Napoli,0.0,0.0,4.149379049427807,4.149379049427807,Meret,A,Meret
4312,P,Maignan,Milan,2024,1,7.0,5.0,29.0,2610.0,0.0,0.0,1.0,0.1870583388954401,0.0,3.0,1.0,1.0,GK,AC Milan,0.0,0.0,8.04731984436512,7.860261490568519,Maignan,M,Maignan
4431,P,Carnesecchi,Atalanta,2024,0,0.0,0.0,,,,,,,,,,,,,,,,,,,
5841,P,Svilar,Roma,2024,1,6.5,6.5,15.0,1350.0,0.0,0.0,0.0,0.0395816192030906,0.0,1.0,1.0,0.0,GK,Roma,0.0,0.0,1.6329222209751606,1.6329222209751606,Svilar,M,Svilar
2814,P,Provedel,Lazio,2024,1,6.5,5.5,30.0,2700.0,0.0,0.0,0.0,0.0,0.0,0.0,0.0,0.0,GK,Lazio,0.0,0.0,5.310401801019907,5.310401801019907,Provedel,I,Provedel
133,P,Skorupski,Bologna,2024,1,6.5,8.5,32.0,2880.0,0.0,0.0,0.0,0.0,0.0,0.0,2.0,0.0,GK,Bologna,0.0,0.0,3.8841355526819825,3.8841355526819825,Skorupski,L,Skorupski
2521,P,De Gea,Fiorentina,2024,0,0.0,0.0,,,,,,,,,,,,,,,,,,,
2815,P,Terracciano,Fiorentina,2024,1,6.5,5.5,,,,,,,,,,,,,,,,,,,
610,P,Gollini,Genoa,2024,1,6.0,3.5,7.0,630.0,0.0,0.0150956837460398,0.0,0.0,1.0,0.0,0.0,0.0,GK,Napoli,0.0,0.0150956837460398,0.8918942175805569,0.8918942175805569,Gollini,P,Gollini
2170,P,Milinkovic-Savic V.,Torino,2024,1,6.5,4.5,,,,,,,,,,,,,,,,,,,
761,P,Audero,Como,2024,0,0.0,0.0,,,,,,,,,,,,,,,,,,,
2134,P,Falcone,Lecce,2024,0,0.0,0.0,38.0,3420.0,0.0,0.0,0.0,0.0,0.0,0.0,0.0,0.0,GK,Lecce,0.0,0.0,2.9454613775014877,2.9454613775014877,Falcone,W,Falcone
574,P,Scuffet,Cagliari,2024,1,6.5,6.5,31.0,2790.0,0.0,0.0,0.0,0.0,0.0,0.0,3.0,0.0,GK,Cagliari,0.0,0.0,3.285050520673394,3.285050520673394,Scuffet,S,Scuffet
4957,P,Montipo',Verona,2024,1,6.5,6.5,,,,,,,,,,,,,,,,,,,
6462,P,Okoye,Udinese,2024,1,7.0,5.5,21.0,1890.0,0.0,0.0,0.0,0.0,0.0,0.0,2.0,0.0,GK,Udinese,0.0,0.0,0.213257934898138,0.213257934898138,Okoye,M,Okoye
6641,P,Suzuki,Parma,2024,1,5.5,4.5,1.0,90.0,0.0,0.0,0.0,0.0,0.0,0.0,0.0,0.0,GK,Parma Calcio 1913,0.0,0.0,0.0735327005386352,0.0735327005386352,Suzuki,Z,Suzuki
4425,P,Joronen,Venezia,2024,1,6.5,3.5,,,,,,,,,,,,,,,,,,,
6125,P,Vasquez D.,Empoli,2024,1,6.0,6.0,,,,,,,,,,,,,,,,,,,
2792,P,Musso,Atalanta,2024,0,0.0,0.0,11.0,990.0,0.0,0.0,0.0,0.0,0.0,0.0,0.0,0.0,GK,Atalanta,0.0,0.0,1.682745210826397,1.682745210826397,Musso,J,Musso
218,P,Perin,Juventus,2024,0,0.0,0.0,3.0,227.0,0.0,0.0,0.0,0.0,0.0,0.0,0.0,0.0,GK,Juventus,0.0,0.0,0.1355116218328476,0.1355116218328476,Perin,M,Perin
387,P,Reina,Como,2024,0,0.0,0.0,,,,,,,,,,,,,,,,,,,
4360,P,Caprile,Napoli,2024,0,0.0,0.0,23.0,2070.0,0.0,0.0,0.0,0.1958548780530691,0.0,2.0,0.0,0.0,GK,Empoli,0.0,0.0,1.1644436018541455,0.9685887349769472,Caprile,E,Caprile
5116,P,Martinez Jo.,Inter,2024,0,0.0,0.0,,,,,,,,,,,,,,,,,,,
3,P,Radunovic,Cagliari,2024,0,0.0,0.0,7.0,630.0,0.0,0.0,0.0,0.0,0.0,0.0,0.0,0.0,GK,Cagliari,0.0,0.0,0.2149237003177404,0.2149237003177404,Radunovic,B,Radunovic
4,P,Sportiello,Milan,2024,0,0.0,0.0,7.0,630.0,0.0,0.0,0.0,0.0,0.0,0.0,0.0,0.0,GK,AC Milan,0.0,0.0,0.539675772190094,0.539675772190094,Sportiello,M,Sportiello
188,P,Leali,Genoa,2024,0,0.0,0.0,2.0,178.0,0.0,0.0,0.0,0.0,0.0,0.0,1.0,0.0,GK,Genoa,0.0,0.0,0.0756071507930755,0.0756071507930755,Leali,N,Leali
216,P,Donnarumma An.,Torino,2024,0,0.0,0.0,,,,,,,,,,,,,,,,,,,
219,P,Sommariva,Genoa,2024,0,0.0,0.0,1.0,2.0,0.0,0.0,0.0,0.0,0.0,0.0,0.0,0.0,S,Genoa,0.0,0.0,0.0,0.0,Sommariva,D,Sommariva
511,P,Perilli,Verona,2024,0,0.0,0.0,1.0,90.0,0.0,0.0,0.0,0.0,0.0,0.0,0.0,0.0,GK,Verona,0.0,0.0,0.0164207555353641,0.0164207555353641,Perilli,S,Perilli
543,P,Padelli,Udinese,2024,0,0.0,0.0,,,,,,,,,,,,,,,,,,,
673,P,Perisan,Empoli,2024,0,0.0,0.0,1.0,90.0,0.0,0.0,0.0,0.0,0.0,0.0,0.0,0.0,GK,Empoli,0.0,0.0,0.0609601885080337,0.0609601885080337,Perisan,S,Perisan
1926,P,Di Gennaro,Inter,2024,0,0.0,0.0,1.0,21.0,0.0,0.0,0.0,0.0,0.0,0.0,0.0,0.0,S,Inter,0.0,0.0,0.0,0.0,Di Gennaro,R,Di Gennaro
1930,P,Pinsoglio,Juventus,2024,0,0.0,0.0,1.0,43.0,0.0,0.0,0.0,0.0,0.0,0.0,0.0,0.0,S,Juventus,0.0,0.0,0.0,0.0,Pinsoglio,C,Pinsoglio
2178,P,Cragno,Monza,2024,0,0.0,0.0,,,,,,,,,,,,,,,,,,,
2211,P,Silvestri,Udinese,2024,0,0.0,0.0,17.0,1530.0,0.0,0.0,0.0,0.0,0.0,0.0,0.0,0.0,GK,Udinese,0.0,0.0,1.9688830319792032,1.9688830319792032,Silvestri,M,Silvestri
2297,P,Rossi F.,Atalanta,2024,0,0.0,0.0,,,,,,,,,,,,,,,,,,,
2401,P,Fruchtl,Lecce,2024,0,0.0,0.0,,,,,,,,,,,,,,,,,,,
2722,P,Ravaglia F.,Bologna,2024,0,0.0,0.0,6.0,538.0,0.0,0.0,0.0,0.0,0.0,0.0,0.0,0.0,GK,Bologna,0.0,0.0,1.5675542280077934,1.5675542280077934,Ravaglia,F,Ravaglia F.
2809,P,Vigorito,Como,2024,0,0.0,0.0,,,,,,,,,,,,,,,,,,,
2845,P,Contini,Napoli,2024,0,0.0,0.0,1.0,16.0,0.0,0.0,0.0,0.0,0.0,0.0,0.0,0.0,S,Napoli,0.0,0.0,0.3447420299053192,0.3447420299053192,Contini,N,Contini
4351,P,Brancolini,Empoli,2024,0,0.0,0.0,,,,,,,,,,,,,,,,,,,
4491,P,Berardi A.,Verona,2024,0,0.0,0.0,,,,,,,,,,,,,,,,,,,
4929,P,Ciocci,Cagliari,2024,0,0.0,0.0,,,,,,,,,,,,,,,,,,,
5304,P,Boer,Roma,2024,0,0.0,0.0,,,,,,,,,,,,,,,,,,,
5320,P,Paleari,Torino,2024,0,0.0,0.0,,,,,,,,,,,,,,,,,,,
5338,P,Rinaldi,Parma,2024,0,0.0,0.0,,,,,,,,,,,,,,,,,,,
5384,P,Ryan,Roma,2024,0,0.0,0.0,,,,,,,,,,,,,,,,,,,
5521,P,Bertinato,Venezia,2024,0,0.0,0.0,,,,,,,,,,,,,,,,,,,
5822,P,Bagnolini,Bologna,2024,0,0.0,0.0,1.0,2.0,0.0,0.0,0.0,0.0,0.0,0.0,0.0,0.0,S,Bologna,0.0,0.0,0.0,0.0,Bagnolini,N,Bagnolini
5853,P,Sorrentino A.,Monza,2024,0,0.0,0.0,,,,,,,,,,,,,,,,,,,
6184,P,Martinelli T.,Fiorentina,2024,0,0.0,0.0,,,,,,,,,,,,,,,,,,,
6210,P,Popa,Torino,2024,0,0.0,0.0,,,,,,,,,,,,,,,,,,,
6248,P,Stankovic F.,Venezia,2024,0,0.0,0.0,,,,,,,,,,,,,,,,,,,
6403,P,Christensen O.,Fiorentina,2024,0,0.0,0.0,,,,,,,,,,,,,,,,,,,
6417,P,Furlanetto,Lazio,2024,0,0.0,0.0,,,,,,,,,,,,,,,,,,,
6482,P,Mandas,Lazio,2024,0,0.0,0.0,9.0,721.0,0.0,0.0,0.0,0.0,0.0,0.0,0.0,0.0,GK S,Lazio,0.0,0.0,0.5141101107001305,0.5141101107001305,Mandas,C,Mandas
6505,P,Nava,Milan,2024,0,0.0,0.0,,,,,,,,,,,,,,,,,,,
6523,P,Samooja,Lecce,2024,0,0.0,0.0,,,,,,,,,,,,,,,,,,,
6650,P,Sherri,Cagliari,2024,0,0.0,0.0,,,,,,,,,,,,,,,,,,,
6651,P,Chiorra,Empoli,2024,0,0.0,0.0,,,,,,,,,,,,,,,,,,,
6661,P,Chichizola,Parma,2024,0,0.0,0.0,,,,,,,,,,,,,,,,,,,
6662,P,Corvi,Parma,2024,0,0.0,0.0,,,,,,,,,,,,,,,,,,,
6671,P,Grandi,Venezia,2024,0,0.0,0.0,,,,,,,,,,,,,,,,,,,
6682,P,Pizzignacco,Monza,2024,1,6.5,6.5,,,,,,,,,,,,,,,,,,,
6813,P,Torriani,Milan,2024,0,0.0,0.0,,,,,,,,,,,,,,,,,,,
6824,P,Marin Re.,Roma,2024,0,0.0,0.0,,,,,,,,,,,,,,,,,,,
254,D,Dimarco,Inter,2024,1,6.0,6.0,30.0,2166.0,5.0,3.2087074536830187,6.0,9.558618923649192,50.0,63.0,0.0,0.0,D S,Inter,5.0,3.2087074536830187,18.552083106711507,12.900610843673348,Dimarco,F,Dimarco
4292,D,Hernandez T.,Milan,2024,1,6.0,6.0,,,,,,,,,,,,,,,,,,,
2816,D,Di Lorenzo,Napoli,2024,1,4.5,4.5,36.0,3235.0,1.0,3.1027365876361728,6.0,5.272171592339873,38.0,51.0,6.0,0.0,D,Napoli,1.0,3.1027365876361728,20.94511530175805,17.020839024335146,Di Lorenzo,G,Di Lorenzo
2120,D,Bastoni,Inter,2024,1,6.5,6.5,,,,,,,,,,,,,,,,,,,
2724,D,Buongiorno,Napoli,2024,0,0.0,0.0,29.0,2531.0,3.0,2.133894484490156,0.0,0.1651349896565079,13.0,4.0,7.0,0.0,D,Torino,3.0,2.133894484490156,6.109036276116967,5.352526945993304,Buongiorno,A,Buongiorno
2788,D,Bremer,Juventus,2024,0,0.0,0.0,36.0,3235.0,3.0,2.343254954554141,0.0,0.3624123577028513,18.0,7.0,9.0,0.0,D,Juventus,3.0,2.343254954554141,10.726232182234526,10.57403377816081,Bremer,B,Bremer
5513,D,Dumfries,Inter,2024,1,6.0,6.0,31.0,1648.0,4.0,3.937063835561275,4.0,4.1486883871257305,24.0,27.0,2.0,1.0,D S,Inter,4.0,3.937063835561275,10.218461418524384,5.086537055671215,Dumfries,D,Dumfries
4177,D,Pavard,Inter,2024,0,0.0,0.0,23.0,1692.0,0.0,0.9082522876560688,2.0,1.2916022017598152,15.0,10.0,6.0,0.0,D S,Inter,0.0,0.9082522876560688,9.948150794953108,9.047635540366173,Pavard,B,Pavard
4237,D,Danilo,Juventus,2024,0,0.0,0.0,29.0,2449.0,1.0,1.11694738548249,1.0,1.23118397872895,17.0,21.0,7.0,0.0,D S,Juventus,1.0,1.11694738548249,10.108822636306286,8.303714914247394,Danilo,D,Danilo
4751,D,Tomori,Milan,2024,1,5.5,5.5,26.0,2133.0,4.0,3.608174130320549,0.0,0.1108320206403732,17.0,4.0,6.0,1.0,D S,AC Milan,4.0,3.608174130320549,8.231157934293151,8.09448311291635,Tomori,F,Tomori
1852,D,Spinazzola,Napoli,2024,1,5.5,5.5,24.0,1297.0,1.0,0.2408232176676392,2.0,3.263167497701943,8.0,27.0,0.0,0.0,D M S,Roma,1.0,0.2408232176676392,5.900873385369778,3.72096349298954,Spinazzola,L,Spinazzola
4887,D,Bellanova,Torino,2024,1,7.0,7.0,37.0,3104.0,1.0,1.7604174735024571,7.0,6.650871468707919,32.0,52.0,5.0,0.0,D M S,Torino,1.0,1.7604174735024571,11.59403127618134,6.98616261780262,Bellanova,R,Bellanova
4816,D,Emerson Royal,Milan,2024,0,0.0,0.0,,,,,,,,,,,,,,,,,,,
4409,D,Rrahmani,Napoli,2024,1,4.5,4.5,30.0,2612.0,3.0,3.4071608036756516,0.0,0.7616675207391381,25.0,13.0,5.0,0.0,D,Napoli,3.0,3.4071608036756516,13.804005013778806,13.218144295737147,Rrahmani,A,Rrahmani
5323,D,Martinez Quarta,Fiorentina,2024,1,5.5,5.5,,,,,,,,,,,,,,,,,,,
5354,D,Ruggeri,Atalanta,2024,0,0.0,0.0,34.0,2489.0,0.0,0.6316420622169971,4.0,2.544009182602167,12.0,24.0,3.0,0.0,D M S,Atalanta,0.0,0.6316420622169971,10.970818209461868,9.308693802915514,Ruggeri,M,Ruggeri
460,D,Romagnoli,Lazio,2024,1,6.0,6.0,,,,,,,,,,,,,,,,,,,
513,D,Acerbi,Inter,2024,1,5.0,5.0,29.0,2381.0,3.0,1.4171453770250082,1.0,1.5421600556001067,15.0,7.0,1.0,0.0,D S,Inter,3.0,1.4171453770250082,14.983083475381136,14.750613091513516,Acerbi,F,Acerbi
2296,D,Mancini,Roma,2024,1,6.0,6.0,36.0,2881.0,4.0,2.5976381422951818,1.0,0.9861035160720348,19.0,10.0,9.0,0.0,D S,Roma,4.0,2.5976381422951818,9.495561430230737,9.208332350477576,Mancini,G,Mancini
4772,D,Angelino,Roma,2024,1,5.5,5.5,16.0,1169.0,0.0,0.2103409711271524,1.0,1.6354470886290071,8.0,19.0,2.0,0.0,D S,Roma,0.0,0.2103409711271524,4.212130680680275,3.599353041499853,Angelino,A,Angelino
5022,D,Pavlovic,Milan,2024,0,0.0,0.0,,,,,,,,,,,,,,,,,,,
554,D,Zappacosta,Atalanta,2024,0,0.0,0.0,31.0,1888.0,2.0,3.113600242882967,1.0,2.084370044060051,37.0,17.0,5.0,0.0,D M S,Atalanta,2.0,3.113600242882967,9.883850516751409,5.854753114283085,Zappacosta,D,Zappacosta
2602,D,Varane,Como,2024,0,0.0,0.0,,,,,,,,,,,,,,,,,,,
2640,D,Kolasinac,Atalanta,2024,0,0.0,0.0,30.0,2206.0,1.0,1.1113558299839497,0.0,0.8098294232040644,13.0,8.0,4.0,0.0,D S,Atalanta,1.0,1.1113558299839497,6.6635137517005205,5.958992322906852,Kolasinac,S,Kolasinac
5514,D,Vasquez,Genoa,2024,1,5.5,5.5,,,,,,,,,,,,,,,,,,,
5520,D,Cambiaso,Juventus,2024,0,0.0,0.0,34.0,2410.0,2.0,3.4012876134365797,3.0,3.768610880710185,29.0,37.0,10.0,0.0,D F M S,Juventus,2.0,3.4012876134365797,10.551057416945696,6.422112620435655,Cambiaso,A,Cambiaso
5603,D,Pongracic,Fiorentina,2024,1,4.5,3.5,36.0,3220.0,0.0,1.3009874150156977,0.0,0.4591833371669054,13.0,11.0,7.0,1.0,D,Lecce,0.0,1.3009874150156977,7.105370898731053,6.591240594163537,Pongracic,M,Pongracic
5678,D,Holm,Bologna,2024,0,0.0,0.0,,,,,,,,,,,,,,,,,,,
5835,D,Baschirotto,Lecce,2024,0,0.0,0.0,37.0,3298.0,0.0,2.30855421256274,1.0,0.5566259026527405,18.0,2.0,3.0,1.0,D,Lecce,0.0,2.30855421256274,5.680645692162216,5.650157491676509,Baschirotto,F,Baschirotto
5877,D,Carlos Augusto,Inter,2024,1,6.0,6.0,,,,,,,,,,,,,,,,,,,
5885,D,Dodo',Fiorentina,2024,1,6.0,6.0,,,,,,,,,,,,,,,,,,,
322,D,De Vrij,Inter,2024,0,0.0,0.0,,,,,,,,,,,,,,,,,,,
393,D,Luperto,Cagliari,2024,1,6.0,6.0,,,,,,,,,,,,,,,,,,,
787,D,Djimsiti,Atalanta,2024,0,0.0,0.0,,,,,,,,,,,,,,,,,,,
2525,D,Darmian,Inter,2024,1,5.5,5.5,33.0,2436.0,2.0,1.5660245101898909,1.0,1.6902962233871222,10.0,23.0,2.0,0.0,D S,Inter,2.0,1.5660245101898909,16.104429135099053,13.302629305049775,Darmian,M,Darmian
4210,D,Mina,Cagliari,2024,0,0.0,0.0,,,,,,,,,,,,,,,,,,,
4245,D,Smalling,Roma,2024,0,0.0,0.0,8.0,377.0,0.0,0.0280518811196088,0.0,0.0233509931713342,1.0,1.0,0.0,0.0,D S,Roma,0.0,0.0280518811196088,0.3877423368394375,0.3877423368394375,Smalling,C,Smalling
4317,D,N'Dicka,Roma,2024,1,6.0,6.0,,,,,,,,,,,,,,,,,,,
4734,D,Miranda J.,Bologna,2024,0,0.0,0.0,,,,,,,,,,,,,,,,,,,
5449,D,Parisi,Fiorentina,2024,1,6.0,6.0,21.0,1451.0,0.0,1.1005738358944654,1.0,2.193103577941656,12.0,16.0,4.0,0.0,D S,Fiorentina,0.0,1.1005738358944654,9.431910619139671,7.1888817343860865,Parisi,F,Parisi
5498,D,Casale,Lazio,2024,1,6.5,6.5,20.0,1559.0,0.0,0.9763956321403384,0.0,0.0758862327784299,7.0,2.0,5.0,0.0,D S,Lazio,0.0,0.9763956321403384,4.498380331322551,4.311005115509033,Casale,N,Casale
5526,D,Scalvini,Atalanta,2024,0,0.0,0.0,33.0,2579.0,1.0,1.3213619571179152,3.0,1.2767269192263484,19.0,10.0,3.0,0.0,D M S,Atalanta,1.0,1.3213619571179152,11.570769302546978,10.104473318904638,Scalvini,G,Scalvini
5847,D,Bijol,Udinese,2024,1,7.0,7.0,24.0,2082.0,0.0,1.359392996877432,0.0,0.1122936960309743,15.0,3.0,4.0,0.0,D S,Udinese,0.0,1.359392996877432,4.954108491539955,4.864091504365206,Bijol,J,Bijol
6046,D,Hien,Atalanta,2024,0,0.0,0.0,,,,,,,,,,,,,,,,,,,
6066,D,Posch,Bologna,2024,1,6.0,6.0,31.0,2441.0,1.0,1.2682907721027732,2.0,2.8784273993223906,18.0,22.0,7.0,0.0,D S,Bologna,1.0,1.2682907721027732,7.7063942681998014,6.1556713078171015,Posch,S,Posch
6230,D,Dossena,Como,2024,0,0.0,0.0,35.0,2978.0,2.0,2.615106286481023,4.0,2.2161922603845596,24.0,12.0,5.0,0.0,D S,Cagliari,2.0,2.615106286481023,3.801843693479896,3.2734219189733267,Dossena,A,Dossena
6257,D,Dorgu,Lecce,2024,0,0.0,0.0,32.0,1553.0,2.0,2.840239219367504,0.0,2.0495039699599147,19.0,18.0,6.0,0.0,D F M S,Lecce,2.0,2.840239219367504,6.467214574106038,3.3943686094135046,Dorgu,P,Dorgu
6638,D,Marin R.,Napoli,2024,0,0.0,0.0,,,,,,,,,,,,,,,,,,,
6642,D,Coco,Torino,2024,1,6.5,6.5,,,,,,,,,,,,,,,,,,,
6820,D,Sosa B.,Torino,2024,0,0.0,0.0,,,,,,,,,,,,,,,,,,,
252,D,Biraghi,Fiorentina,2024,1,6.5,9.5,29.0,2366.0,2.0,1.541363311931491,5.0,4.970447704195976,17.0,45.0,8.0,0.0,D S,Fiorentina,2.0,0.7800644766539335,6.196250403299928,5.446145296096802,Biraghi,C,Biraghi
357,D,Calabria,Milan,2024,1,5.0,5.0,29.0,2216.0,1.0,1.2325395569205284,3.0,1.209073469042778,21.0,12.0,3.0,2.0,D S,AC Milan,1.0,1.2325395569205284,8.848112123087049,8.138166825287044,Calabria,D,Calabria
2285,D,Bani,Genoa,2024,1,5.5,5.5,27.0,2313.0,2.0,1.6134519381448629,0.0,0.1038574632257223,9.0,2.0,9.0,0.0,D,Genoa,2.0,1.6134519381448629,1.4570695161819458,1.4570695161819458,Bani,M,Bani
4378,D,Ranieri L.,Fiorentina,2024,0,0.0,0.0,,,,,,,,,,,,,,,,,,,
4433,D,Zortea,Cagliari,2024,0,0.0,0.0,,,,,,,,,,,,,,,,,,,
4904,D,Mari',Monza,2024,1,5.5,5.5,,,,,,,,,,,,,,,,,,,
5324,D,Godfrey,Atalanta,2024,0,0.0,0.0,,,,,,,,,,,,,,,,,,,
5435,D,Moreno Alb.,Como,2024,0,0.0,0.0,,,,,,,,,,,,,,,,,,,
5677,D,Perez N.,Udinese,2024,1,6.0,6.0,,,,,,,,,,,,,,,,,,,
5831,D,Gatti,Juventus,2024,0,0.0,0.0,32.0,2654.0,4.0,6.301926800981164,0.0,2.331916820257902,35.0,10.0,7.0,0.0,D S,Juventus,4.0,6.301926800981164,9.019049543887377,6.176881054416299,Gatti,F,Gatti
5840,D,Olivera,Napoli,2024,1,5.0,5.0,23.0,1573.0,1.0,0.8125967849045992,1.0,1.1069821063429115,12.0,19.0,3.0,0.0,D S,Napoli,1.0,0.8125967849045992,7.649928713217378,6.484758350066841,Olivera,M,Olivera
6041,D,Schuurs,Torino,2024,0,0.0,0.0,9.0,771.0,1.0,0.7242057342082262,0.0,0.1234192624688148,7.0,1.0,2.0,0.0,D,Torino,1.0,0.7242057342082262,1.1792714418843389,0.8482931600883603,Schuurs,P,Schuurs
6042,D,Lucumi',Bologna,2024,0,0.0,0.0,,,,,,,,,,,,,,,,,,,
6202,D,Beukema,Bologna,2024,1,6.0,6.0,30.0,2554.0,1.0,2.6552196834236383,1.0,0.6003758893348277,12.0,7.0,4.0,1.0,D S,Bologna,1.0,2.6552196834236383,7.411603178828955,7.235883537679911,Beukema,S,Beukema
49,D,Masina,Torino,2024,1,5.5,5.5,,,,,,,,,,,,,,,,,,,
226,D,Izzo,Monza,2024,1,6.5,6.5,23.0,1663.0,0.0,0.5234021171927452,0.0,0.7562816748395562,5.0,7.0,9.0,0.0,D S,Monza,0.0,0.5234021171927452,5.485083221457899,5.326382507570088,Izzo,A,Izzo
791,D,Sabelli,Genoa,2024,1,5.5,5.5,,,,,,,,,,,,,,,,,,,
2130,D,Hateboer,Atalanta,2024,0,0.0,0.0,23.0,1094.0,0.0,0.3292371742427349,1.0,2.4460225384682417,11.0,22.0,5.0,0.0,D M S,Atalanta,0.0,0.3292371742427349,5.45352204144001,4.465422060340643,Hateboer,H,Hateboer
2188,D,Marusic,Lazio,2024,1,6.0,6.0,37.0,3120.0,1.0,0.7665141485631466,0.0,0.7136273309588432,8.0,10.0,3.0,1.0,D,Lazio,1.0,0.7665141485631466,9.412858635187147,8.192704245448112,Marusic,A,Marusic
4461,D,Zappa,Cagliari,2024,1,6.0,6.0,38.0,2553.0,1.0,1.48014113958925,3.0,3.2002728516235948,19.0,25.0,2.0,0.0,D M S,Cagliari,1.0,1.48014113958925,7.56587568577379,3.5023112297058105,Zappa,G,Zappa
4530,D,Kyriakopoulos,Monza,2024,1,6.0,6.0,28.0,1722.0,0.0,1.161013673990965,3.0,1.8630351405590773,24.0,21.0,3.0,0.0,D S,Monza,0.0,1.161013673990965,5.851192948408425,4.496173164341599,Kyriakopoulos,G,Kyriakopoulos
4982,D,Erlic,Bologna,2024,1,7.0,7.0,,,,,,,,,,,,,,,,,,,
4994,D,Vojvoda,Torino,2024,1,6.5,6.0,28.0,1372.0,0.0,0.2669189944863319,3.0,1.501221808604896,9.0,18.0,3.0,0.0,D M S,Torino,0.0,0.2669189944863319,5.784149983897805,5.116446918807924,Vojvoda,M,Vojvoda
5010,D,Ismajli,Empoli,2024,1,6.5,6.5,26.0,2037.0,0.0,0.2571477051824331,0.0,0.0920417718589305,5.0,4.0,2.0,0.0,D S,Empoli,0.0,0.2571477051824331,4.935336872935295,4.919616490602493,Ismajli,A,Ismajli
5527,D,Zanoli,Genoa,2024,1,6.0,6.0,,,,,,,,,,,,,,,,,,,
5620,D,Tavares N.,Lazio,2024,0,0.0,0.0,,,,,,,,,,,,,,,,,,,
5739,D,De Winter,Genoa,2024,1,5.0,5.0,,,,,,,,,,,,,,,,,,,
5862,D,Valeri,Parma,2024,1,6.0,6.0,,,,,,,,,,,,,,,,,,,
5867,D,Gendrey,Lecce,2024,0,0.0,0.0,37.0,3054.0,2.0,1.349260602146387,3.0,1.8709439719095824,17.0,24.0,5.0,0.0,D S,Lecce,2.0,1.349260602146387,7.326979896984994,5.636754522100091,Gendrey,V,Gendrey
6480,D,Tchatchoua,Verona,2024,1,7.5,7.0,26.0,1713.0,0.0,0.0,2.0,1.4765660241246223,0.0,15.0,2.0,0.0,D S,Verona,0.0,0.0,4.330691508948803,3.0953275114297867,Tchatchoua,J,Tchatchoua
6664,D,Delprato,Parma,2024,0,0.0,0.0,,,,,,,,,,,,,,,,,,,
256,D,Juan Jesus,Napoli,2024,1,4.5,4.5,,,,,,,,,,,,,,,,,,,
294,D,Rugani,Juventus,2024,0,0.0,0.0,17.0,1195.0,2.0,2.4401188790798187,0.0,0.3670960031449795,8.0,3.0,2.0,0.0,D S,Juventus,2.0,2.4401188790798187,3.885229654610157,3.630960177630186,Rugani,D,Rugani
327,D,Patric,Lazio,2024,0,0.0,0.0,20.0,1606.0,2.0,1.4115280732512474,0.0,0.1865046005696058,6.0,4.0,4.0,0.0,D S,Lazio,2.0,1.4115280732512474,6.1765273828059435,6.022996557876468,Patric,P,Patric
729,D,Pereira P.,Monza,2024,0,0.0,0.0,23.0,828.0,0.0,0.1887575536966323,2.0,1.635898425243795,3.0,14.0,3.0,0.0,D S,Monza,0.0,0.1887575536966323,3.2076416639611125,1.5267320713028312,Pereira,P,Pereira P.
729,D,Pereira P.,Monza,2024,0,0.0,0.0,35.0,2571.0,0.0,0.924775001592934,4.0,3.1479097194969654,14.0,21.0,6.0,0.0,D M S,Crotone,0.0,0.924775001592934,6.3872065879404545,3.695689040236175,Pereira,P,Pereira P.
770,D,Pezzella Giu.,Empoli,2024,1,6.0,6.0,,,,,,,,,,,,,,,,,,,
1952,D,Zampano,Venezia,2024,1,5.5,5.5,1.0,90.0,0.0,0.0292042940855026,0.0,0.0,1.0,0.0,0.0,0.0,D,Venezia,0.0,0.0292042940855026,0.0633587390184402,0.0341544412076473,Zampano,F,Zampano
2181,D,Palomino,Cagliari,2024,0,0.0,0.0,,,,,,,,,,,,,,,,,,,
2263,D,Lazzari,Lazio,2024,1,6.5,6.5,24.0,1678.0,0.0,1.0219634026288986,2.0,1.607017232105136,8.0,9.0,4.0,1.0,D S,Lazio,0.0,1.0219634026288986,6.413812613114715,4.334949789568782,Lazzari,M,Lazzari
4421,D,Augello,Cagliari,2024,1,5.5,5.5,,,,,,,,,,,,,,,,,,,
4458,D,Candela,Venezia,2024,0,0.0,0.0,,,,,,,,,,,,,,,,,,,
4493,D,Dawidowicz,Verona,2024,1,6.5,6.5,28.0,2144.0,0.0,0.4296509325504303,0.0,0.0400943383574485,9.0,2.0,5.0,0.0,D M S,Verona,0.0,0.4296509325504303,2.5148869827389717,2.4780776873230934,Dawidowicz,P,Dawidowicz
4502,D,Gallo,Lecce,2024,0,0.0,0.0,35.0,2526.0,0.0,0.7609681477770209,3.0,5.05229134298861,15.0,47.0,2.0,0.0,D S,Lecce,0.0,0.7609681477770209,9.66337451711297,6.295074298977852,Gallo,A,Gallo
4925,D,Carboni A.,Monza,2024,0,0.0,0.0,21.0,1489.0,1.0,1.466522696428001,0.0,0.5416123308241367,18.0,8.0,1.0,0.0,D S,Monza,1.0,1.466522696428001,5.455737911164761,3.9659536480903625,Carboni,A,Carboni A.
4958,D,Caldirola,Monza,2024,1,5.5,5.5,,,,,,,,,,,,,,,,,,,
5555,D,Kamara H.,Udinese,2024,1,6.5,6.5,,,,,,,,,,,,,,,,,,,
5718,D,Viti,Empoli,2024,1,6.0,6.0,,,,,,,,,,,,,,,,,,,
5833,D,Gila,Lazio,2024,0,0.0,0.0,21.0,1822.0,0.0,0.4283573627471924,0.0,0.6459688115864992,8.0,7.0,2.0,1.0,D,Lazio,0.0,0.4283573627471924,6.568248246796429,6.382926278747618,Gila,M,Gila
5838,D,Birindelli,Monza,2024,1,6.0,6.0,35.0,2006.0,0.0,1.2049254719167948,2.0,2.6630832497030497,25.0,23.0,7.0,0.0,D S,Monza,0.0,1.2049254719167948,9.27482590917498,6.304812270216644,Birindelli,S,Birindelli
6039,D,Cabal,Juventus,2024,0,0.0,0.0,22.0,1498.0,0.0,0.4380451953038573,0.0,0.444687420502305,12.0,12.0,6.0,0.0,D S,Verona,0.0,0.4380451953038573,4.162682744674385,3.879935966804624,Cabal,J,Cabal
6047,D,Ehizibue,Udinese,2024,1,6.0,5.5,23.0,957.0,0.0,1.4999388866126535,1.0,0.4407686498016119,18.0,8.0,4.0,0.0,D S,Udinese,0.0,1.4999388866126535,3.0453608594834805,1.4038625061511991,Ehizibue,K,Ehizibue
6217,D,Bisseck,Inter,2024,1,4.5,4.5,16.0,880.0,2.0,0.8390006460249424,0.0,0.49121755361557,12.0,1.0,0.0,0.0,D S,Inter,2.0,0.8390006460249424,8.877967856824398,8.467975687235594,Bisseck,Y,Bisseck
6235,D,Kayode,Fiorentina,2024,1,6.0,6.0,26.0,2076.0,1.0,0.8575504701584578,1.0,0.9539240906015038,7.0,15.0,2.0,0.0,D S,Fiorentina,1.0,0.8575504701584578,6.573314850218594,5.421737646684051,Kayode,M,Kayode
6485,D,Kristensen T.,Udinese,2024,0,0.0,0.0,,,,,,,,,,,,,,,,,,,
6639,D,Frese,Verona,2024,1,5.5,5.5,,,,,,,,,,,,,,,,,,,
6663,D,Circati,Parma,2024,1,6.5,6.0,1.0,90.0,0.0,0.0,0.0,0.0,0.0,0.0,1.0,0.0,D,Parma Calcio 1913,0.0,0.0,0.0,0.0,Circati,A,Circati
140,D,Hysaj,Lazio,2024,0,0.0,0.0,22.0,1188.0,0.0,0.4160170760005712,0.0,0.3899691384285688,2.0,9.0,2.0,0.0,D S,Lazio,0.0,0.4160170760005712,3.838132774457335,3.514478780329227,Hysaj,E,Hysaj
695,D,Toloi,Atalanta,2024,0,0.0,0.0,18.0,956.0,0.0,0.0674257585778832,0.0,0.0594476126134395,3.0,2.0,4.0,1.0,D S,Atalanta,0.0,0.0674257585778832,1.833284478634596,1.7532754093408585,Toloi,R,Toloi
2593,D,Martin,Genoa,2024,1,6.5,6.5,,,,,,,,,,,,,,,,,,,
2653,D,Lykogiannis,Bologna,2024,1,6.5,6.5,22.0,882.0,2.0,1.2336327023804188,1.0,1.362388264387846,15.0,9.0,3.0,0.0,D S,Bologna,2.0,1.2336327023804188,5.77699127048254,4.214210208505392,Lykogiannis,C,Lykogiannis
4374,D,Walukiewicz,Empoli,2024,1,6.5,6.5,27.0,2051.0,0.0,0.1868324587121606,0.0,0.1156043838709592,4.0,3.0,6.0,0.0,D S,Empoli,0.0,0.1868324587121606,3.880304664373398,3.811721724458039,Walukiewicz,S,Walukiewicz
4385,D,Lazaro,Torino,2024,1,7.0,8.0,35.0,1966.0,0.0,2.348205342888832,4.0,3.1190716549754143,18.0,34.0,3.0,0.0,D M S,Torino,0.0,2.348205342888832,7.661769658327103,4.8102430403232574,Lazaro,V,Lazaro
4401,D,Gabbia,Milan,2024,0,0.0,0.0,18.0,1273.0,2.0,1.5995576912537215,1.0,0.4694472812116146,11.0,3.0,5.0,0.0,D S,AC Milan,2.0,1.5995576912537215,5.304741024971008,5.206781357526779,Gabbia,M,Gabbia
4976,D,Kalulu,Milan,2024,0,0.0,0.0,,,,,,,,,,,,,,,,,,,
5067,D,Bakker,Atalanta,2024,0,0.0,0.0,14.0,363.0,1.0,0.2858780734241009,0.0,0.1858433103188872,5.0,4.0,1.0,0.0,D M S,Atalanta,1.0,0.2858780734241009,1.3082169368863106,0.9974010977894068,Bakker,M,Bakker
5327,D,Osorio,Parma,2024,0,0.0,0.0,,,,,,,,,,,,,,,,,,,
5406,D,Di Pardo,Cagliari,2024,0,0.0,0.0,15.0,318.0,0.0,0.1110992114990949,0.0,0.1954643037170171,3.0,5.0,0.0,0.0,D S,Cagliari,0.0,0.1110992114990949,0.652215588837862,0.520976459607482,Di Pardo,A,Di Pardo
5450,D,Stojanovic,Empoli,2024,0,0.0,0.0,,,,,,,,,,,,,,,,,,,
5480,D,Ebuehi,Empoli,2024,0,0.0,0.0,15.0,1093.0,0.0,0.2627561595290899,1.0,0.5964694246649742,5.0,11.0,0.0,0.0,D S,Empoli,0.0,0.2627561595290899,2.2221295442432165,1.6675625070929527,Ebuehi,T,Ebuehi
5481,D,Mazzocchi,Napoli,2024,1,4.5,4.5,,,,,,,,,,,,,,,,,,,
5484,D,Svoboda,Venezia,2024,1,5.0,5.0,1.0,90.0,0.0,0.0,0.0,0.0292042940855026,0.0,1.0,0.0,0.0,D,Venezia,0.0,0.0,0.1452273577451706,0.1160230562090873,Svoboda,M,Svoboda
5764,D,Coppola D.,Verona,2024,1,6.5,6.0,,,,,,,,,,,,,,,,,,,
6055,D,Thiaw,Milan,2024,1,4.5,2.5,21.0,1626.0,0.0,0.6821040762588382,1.0,0.2017819918692112,5.0,4.0,5.0,1.0,D S,AC Milan,0.0,0.6821040762588382,6.564719596877694,6.341804901137948,Thiaw,M,Thiaw
6231,D,Azzi,Cagliari,2024,1,6.0,5.5,25.0,923.0,0.0,0.9374023210257292,0.0,0.5329193426296115,22.0,9.0,1.0,0.0,D M S,Cagliari,0.0,0.9374023210257292,2.5265165716409683,1.6429027747362852,Azzi,P,Azzi
6256,D,Ferreira J.,Udinese,2024,0,0.0,0.0,,,,,,,,,,,,,,,,,,,
6396,D,Natan,Napoli,2024,0,0.0,0.0,14.0,963.0,0.0,0.2553371554240584,0.0,0.1369430627673864,6.0,4.0,1.0,1.0,D S,Napoli,0.0,0.2553371554240584,4.064338330179453,3.9365375228226185,Natan,N,Natan
6533,D,Giannetti L.,Udinese,2024,1,7.0,9.5,,,,,,,,,,,,,,,,,,,
6672,D,Idzes,Venezia,2024,0,0.0,0.0,,,,,,,,,,,,,,,,,,,
6673,D,Sverko,Venezia,2024,1,5.5,5.5,1.0,90.0,0.0,0.0,0.0,0.0,0.0,0.0,0.0,0.0,D,Venezia,0.0,0.0,0.1628433912992477,0.1628433912992477,Sverko,M,Sverko
6814,D,Norton-Cuffy,Genoa,2024,0,0.0,0.0,,,,,,,,,,,,,,,,,,,
142,D,Mario Rui,Napoli,2024,0,0.0,0.0,,,,,,,,,,,,,,,,,,,
253,D,D'Ambrosio,Monza,2024,0,0.0,0.0,,,,,,,,,,,,,,,,,,,
418,D,Goldaniga,Como,2024,0,0.0,0.0,13.0,1017.0,0.0,0.6161536648869514,0.0,0.1459697280079126,4.0,4.0,3.0,0.0,D S,Cagliari,0.0,0.6161536648869514,1.4959616214036942,1.484241172671318,Goldaniga,E,Goldaniga
487,D,De Silvestri,Bologna,2024,0,0.0,0.0,15.0,668.0,2.0,0.201005432754755,0.0,0.0,4.0,0.0,0.0,0.0,D S,Bologna,2.0,0.201005432754755,1.1438260460272431,1.0947870099917054,De Silvestri,L,De Silvestri
581,D,Faraoni,Verona,2024,0,0.0,0.0,,,,,,,,,,,,,,,,,,,
1891,D,Ceccherini,Verona,2024,0,0.0,0.0,,,,,,,,,,,,,,,,,,,
2728,D,Pellegrini Lu.,Lazio,2024,0,0.0,0.0,,,,,,,,,,,,,,,,,,,
2769,D,Magnani,Verona,2024,1,6.5,6.5,,,,,,,,,,,,,,,,,,,
4263,D,Kabasele,Udinese,2024,0,0.0,0.0,13.0,858.0,1.0,0.9381369650363922,1.0,0.5993434190750122,6.0,2.0,5.0,0.0,D S,Udinese,1.0,0.9381369650363922,1.051224495284259,0.6647053016349673,Kabasele,C,Kabasele
4657,D,Celik,Roma,2024,1,5.5,5.5,,,,,,,,,,,,,,,,,,,
5307,D,Valenti,Parma,2024,0,0.0,0.0,,,,,,,,,,,,,,,,,,,
5447,D,Altare,Venezia,2024,1,5.5,3.5,1.0,90.0,0.0,0.0341876409947872,0.0,0.0,1.0,0.0,0.0,0.0,D,Venezia,0.0,0.0341876409947872,0.1160230562090873,0.1160230562090873,Altare,G,Altare
5804,D,Cacace,Empoli,2024,0,0.0,0.0,31.0,1914.0,0.0,0.4602995403110981,1.0,1.8651858707889917,13.0,21.0,6.0,0.0,D S,Empoli,0.0,0.4602995403110981,5.031446887180209,4.169410252943635,Cacace,L,Cacace
5848,D,Ebosele,Udinese,2024,0,0.0,0.0,31.0,1732.0,0.0,0.8112895488739014,0.0,1.5617681546136737,16.0,16.0,4.0,1.0,D S,Udinese,0.0,0.8112895488739014,4.618826879188418,2.364440810866654,Ebosele,F,Ebosele
6211,D,Zemura,Udinese,2024,0,0.0,0.0,27.0,1006.0,1.0,0.6152164787054062,0.0,0.4507105844095349,5.0,8.0,1.0,0.0,D S,Udinese,1.0,0.6152164787054062,2.9638896649703383,1.8979626148939133,Zemura,J,Zemura
6438,D,Hatzidiakos,Cagliari,2024,0,0.0,0.0,13.0,890.0,0.0,0.2641571993008256,0.0,0.0194045137614011,4.0,1.0,1.0,0.0,D,Cagliari,0.0,0.2641571993008256,1.2750499630346894,1.2441863417625427,Hatzidiakos,P,Hatzidiakos
6464,D,Wieteska,Cagliari,2024,1,6.5,6.5,19.0,954.0,0.0,0.2734787259250879,1.0,0.5759464874863625,4.0,4.0,3.0,1.0,D S,Cagliari,0.0,0.2734787259250879,1.5842874646186829,1.2992527848109603,Wieteska,M,Wieteska
6632,D,Gaspar K.,Lecce,2024,0,0.0,0.0,,,,,,,,,,,,,,,,,,,
6647,D,Dahl,Roma,2024,0,0.0,0.0,,,,,,,,,,,,,,,,,,,
6654,D,Iovine,Como,2024,0,0.0,0.0,,,,,,,,,,,,,,,,,,,
6806,D,Pelmard,Lecce,2024,0,0.0,0.0,,,,,,,,,,,,,,,,,,,
2737,D,Bettella,Monza,2024,0,0.0,0.0,1.0,1.0,0.0,0.0,0.0,0.0,0.0,0.0,0.0,0.0,S,Monza,0.0,0.0,0.0,0.0,Bettella,D,Bettella
4386,D,Sala M.,Como,2024,0,0.0,0.0,,,,,,,,,,,,,,,,,,,
4495,D,Kumbulla,Roma,2024,0,0.0,0.0,,,,,,,,,,,,,,,,,,,
5533,D,Djalo',Juventus,2024,0,0.0,0.0,,,,,,,,,,,,,,,,,,,
5701,D,Obert,Cagliari,2024,0,0.0,0.0,17.0,929.0,0.0,0.125678377225995,0.0,0.8502773195505142,3.0,6.0,1.0,0.0,D S,Cagliari,0.0,0.125678377225995,3.2031116038560867,2.463052250444889,Obert,A,Obert
6245,D,Vogliacco,Genoa,2024,1,7.0,10.0,20.0,1183.0,0.0,0.2210755627602338,1.0,0.476941904053092,5.0,13.0,4.0,0.0,D S,Genoa,0.0,0.2210755627602338,2.252034517005086,1.7882756013423204,Vogliacco,A,Vogliacco
6284,D,Okou,Verona,2024,0,0.0,0.0,,,,,,,,,,,,,,,,,,,
6665,D,Coulibaly W.,Parma,2024,1,6.0,6.0,1.0,90.0,0.0,0.0,0.0,0.0903794094920158,0.0,1.0,0.0,0.0,D,Parma Calcio 1913,0.0,0.0,0.0903794094920158,0.0903794094920158,Coulibaly,W,Coulibaly W.
6679,D,Esteves G.,Udinese,2024,0,0.0,0.0,,,,,,,,,,,,,,,,,,,
134,D,Barba,Como,2024,0,0.0,0.0,32.0,2661.0,0.0,0.5403175037354231,2.0,1.5261480007320642,13.0,13.0,8.0,0.0,D S,Benevento,0.0,0.5403175037354231,4.6677513755857944,4.175875443965197,Barba,F,Barba
358,D,De Sciglio,Juventus,2024,0,0.0,0.0,1.0,46.0,0.0,0.0,0.0,0.0,0.0,0.0,0.0,0.0,D,Juventus,0.0,0.0,0.0721983537077903,0.0721983537077903,De Sciglio,M,De Sciglio
2203,D,Di Chiara,Parma,2024,0,0.0,0.0,,,,,,,,,,,,,,,,,,,
4438,D,Cassandro,Como,2024,0,0.0,0.0,,,,,,,,,,,,,,,,,,,
5353,D,Balogh,Parma,2024,1,6.5,6.0,1.0,90.0,0.0,0.0,0.0,0.0,0.0,0.0,1.0,0.0,D,Parma Calcio 1913,0.0,0.0,0.0,0.0,Balogh,B,Balogh
5695,D,Haps,Venezia,2024,1,5.5,5.0,,,,,,,,,,,,,,,,,,,
5812,D,Terracciano F.,Milan,2024,0,0.0,0.0,3.0,70.0,0.0,0.0,0.0,0.0,0.0,0.0,1.0,0.0,D S,AC Milan,0.0,0.0,0.0278617013245821,0.0278617013245821,Terracciano,F,Terracciano F.
5812,D,Terracciano F.,Milan,2024,0,0.0,0.0,18.0,1291.0,0.0,0.342523486353457,1.0,1.1813033670186996,8.0,17.0,1.0,0.0,D M S,Verona,0.0,0.342523486353457,3.8840724285691977,2.6034763641655445,Terracciano,F,Terracciano F.
5994,D,Ebosse,Udinese,2024,0,0.0,0.0,1.0,15.0,0.0,0.0,0.0,0.0,0.0,0.0,0.0,0.0,S,Udinese,0.0,0.0,0.046560026705265,0.046560026705265,Ebosse,E,Ebosse
6244,D,Matturro,Genoa,2024,0,0.0,0.0,6.0,101.0,0.0,0.048380397260189,0.0,0.0,1.0,0.0,0.0,0.0,D S,Genoa,0.0,0.048380397260189,0.2911143600940704,0.2911143600940704,Matturro,A,Matturro
6407,D,Corazza,Bologna,2024,0,0.0,0.0,9.0,178.0,0.0,0.0994131490588188,0.0,0.0552694536745548,1.0,1.0,1.0,0.0,D S,Bologna,0.0,0.0994131490588188,0.7312995651736856,0.576616988517344,Corazza,T,Corazza
6474,D,Sazonov,Torino,2024,1,5.0,5.0,12.0,340.0,0.0,0.3835054039955139,0.0,0.0382866822183132,1.0,1.0,2.0,0.0,D S,Torino,0.0,0.3835054039955139,0.3872452601790428,0.3489585816860199,Sazonov,S,Sazonov
6495,D,Comuzzo,Fiorentina,2024,1,5.5,5.5,4.0,37.0,0.0,0.0,0.0,0.0,0.0,0.0,1.0,0.0,S,Fiorentina,0.0,0.0,0.4442299492657184,0.4442299492657184,Comuzzo,P,Comuzzo
6537,D,Goglichidze,Empoli,2024,0,0.0,0.0,,,,,,,,,,,,,,,,,,,
6551,D,Ilic M.,Bologna,2024,0,0.0,0.0,,,,,,,,,,,,,,,,,,,
6612,D,Dellavalle,Torino,2024,0,0.0,0.0,1.0,13.0,0.0,0.0,0.0,0.0,0.0,0.0,0.0,0.0,S,Torino,0.0,0.0,0.0553994327783584,0.0553994327783584,Dellavalle,A,Dellavalle
6631,D,Ghilardi,Verona,2024,0,0.0,0.0,,,,,,,,,,,,,,,,,,,
6636,D,Veroli,Cagliari,2024,0,0.0,0.0,,,,,,,,,,,,,,,,,,,
6637,D,Kovacik,Como,2024,0,0.0,0.0,,,,,,,,,,,,,,,,,,,
6649,D,Sangare' B.,Roma,2024,0,0.0,0.0,,,,,,,,,,,,,,,,,,,
6659,D,Lucchesi,Venezia,2024,0,0.0,0.0,,,,,,,,,,,,,,,,,,,
6660,D,Marcandalli,Genoa,2024,0,0.0,0.0,,,,,,,,,,,,,,,,,,,
6681,D,Sagrado,Venezia,2024,1,6.0,5.5,1.0,55.0,0.0,0.0341544412076473,0.0,0.0,1.0,0.0,1.0,0.0,D,Venezia,0.0,0.0341544412076473,0.0341544412076473,0.0,Sagrado,R,Sagrado
6802,D,Savona,Juventus,2024,0,0.0,0.0,,,,,,,,,,,,,,,,,,,
6803,D,Rouhi,Juventus,2024,0,0.0,0.0,,,,,,,,,,,,,,,,,,,
6809,D,Marianucci,Empoli,2024,0,0.0,0.0,,,,,,,,,,,,,,,,,,,
2423,C,Pulisic,Milan,2024,1,5.0,5.0,36.0,2658.0,12.0,8.112775510177016,8.0,5.247536565177143,65.0,45.0,2.0,0.0,F M S,AC Milan,12.0,8.112775510177016,19.75232334434986,8.28600705601275,Pulisic,C,Pulisic
5685,C,Koopmeiners,Atalanta,2024,0,0.0,0.0,34.0,2641.0,12.0,6.477179829031229,5.0,6.847522427327931,54.0,59.0,5.0,0.0,F M S,Atalanta,10.0,4.954582165926695,18.902232628315687,11.484685834497212,Koopmeiners,T,Koopmeiners
2194,C,Calhanoglu,Inter,2024,1,5.5,5.5,32.0,2618.0,13.0,9.97734544146806,3.0,4.402719554491341,62.0,51.0,5.0,0.0,M,Inter,3.0,2.3643571361899376,21.514875929802656,18.073472432792187,Calhanoglu,H,Calhanoglu
632,C,Zaccagni,Lazio,2024,1,7.0,10.0,28.0,2001.0,6.0,5.531386425718665,1.0,2.13460570666939,42.0,29.0,8.0,0.0,D F M S,Lazio,6.0,5.531386425718665,10.9565597102046,4.790194280445576,Zaccagni,M,Zaccagni
536,C,Politano,Napoli,2024,1,5.0,5.0,37.0,2436.0,8.0,7.065327040851116,7.0,8.613974200561643,75.0,70.0,2.0,1.0,F M S,Napoli,6.0,4.781430587172508,19.03964001312852,10.029942949302496,Politano,M,Politano
5878,C,Colpani,Fiorentina,2024,1,6.0,6.0,38.0,2751.0,8.0,5.195591009221971,4.0,6.015339965000749,65.0,57.0,1.0,0.0,F M S,Monza,8.0,5.195591009221971,16.83323433622718,8.72997466288507,Colpani,A,Colpani
530,C,Pellegrini Lo.,Roma,2024,1,6.0,6.0,,,,,,,,,,,,,,,,,,,
2167,C,Orsolini,Bologna,2024,1,7.5,10.5,33.0,1795.0,10.0,8.406649756245315,2.0,5.7234551049768925,59.0,36.0,2.0,0.0,M S,Bologna,8.0,6.1227931855246425,10.48891113139689,2.694749374873936,Orsolini,R,Orsolini
1870,C,Barella,Inter,2024,1,7.0,8.0,37.0,2896.0,2.0,5.040394342504442,3.0,3.771154088899493,41.0,42.0,7.0,0.0,M S,Inter,2.0,5.040394342504442,25.44658131152391,19.667141154408455,Barella,N,Barella
4911,C,Douglas Luiz,Juventus,2024,0,0.0,0.0,,,,,,,,,,,,,,,,,,,
4199,C,Loftus-Cheek,Milan,2024,1,6.0,6.0,29.0,2111.0,6.0,3.988019663840532,1.0,2.216939765959978,41.0,25.0,5.0,0.0,M S,AC Milan,6.0,3.988019663840532,11.732238488271832,6.346873274073005,Loftus-Cheek,R,Loftus-Cheek
5393,C,Man,Parma,2024,1,7.0,10.0,1.0,67.0,1.0,0.1002275124192237,0.0,0.3756224513053894,2.0,2.0,0.0,0.0,M,Parma Calcio 1913,1.0,0.1002275124192237,0.5395345687866211,0.0903794094920158,Man,D,Man
2848,C,Frattesi,Inter,2024,1,6.5,7.5,32.0,877.0,6.0,8.650838863104582,3.0,2.203672669827938,32.0,10.0,1.0,0.0,M S,Inter,6.0,8.650838863104582,12.41026128269732,3.0905153434723616,Frattesi,D,Frattesi
5858,C,Ferguson,Bologna,2024,0,0.0,0.0,31.0,2725.0,6.0,6.609099584631622,3.0,3.129140879958868,60.0,33.0,8.0,0.0,M,Bologna,6.0,6.609099584631622,14.55499241221696,7.731563315726817,Ferguson,L,Ferguson
5119,C,Samardzic,Atalanta,2024,0,0.0,0.0,34.0,2393.0,6.0,3.76485834363848,2.0,5.842832416296005,57.0,61.0,3.0,0.0,M S,Udinese,5.0,3.0035595083609223,7.7469049682840705,5.526285901665688,Samardzic,L,Samardzic
2077,C,Pasalic,Atalanta,2024,0,0.0,0.0,34.0,2039.0,6.0,7.948289997875691,6.0,5.14187899697572,40.0,31.0,3.0,0.0,F M S,Atalanta,4.0,6.425692372024059,16.404161186888814,7.419036481529474,Pasalic,M,Pasalic
2529,C,Mkhitaryan,Inter,2024,1,6.0,5.5,36.0,2847.0,2.0,3.4876577770337462,8.0,5.048100844025612,39.0,40.0,4.0,0.0,M S,Inter,2.0,3.4876577770337462,26.45776951685548,19.62764586508274,Mkhitaryan,H,Mkhitaryan
5687,C,Vlasic,Torino,2024,0,0.0,0.0,33.0,2630.0,3.0,3.2144442331045866,2.0,3.407337000593543,46.0,35.0,3.0,0.0,F M S,Torino,3.0,3.2144442331045866,13.114470873959364,7.353357671760023,Vlasic,N,Vlasic
5792,C,Ederson D.s.,Atalanta,2024,0,0.0,0.0,,,,,,,,,,,,,,,,,,,
6666,C,Bernabe',Parma,2024,1,5.5,5.5,,,,,,,,,,,,,,,,,,,
2766,C,Zaniolo,Atalanta,2024,0,0.0,0.0,,,,,,,,,,,,,,,,,,,
5688,C,Harroui,Verona,2024,1,6.5,6.5,18.0,1041.0,3.0,3.397505425848067,3.0,1.7014152370393276,33.0,16.0,2.0,0.0,F M S,Frosinone,2.0,2.6362065905705094,4.9546966245397925,1.350578375160694,Harroui,A,Harroui
6206,C,Fabbian,Bologna,2024,1,6.0,6.0,27.0,1044.0,5.0,4.738078761845827,2.0,1.9500266648828983,28.0,16.0,4.0,0.0,F M S,Bologna,5.0,4.738078761845827,5.781427254900336,1.8028524331748488,Fabbian,G,Fabbian
6486,C,Suslov,Verona,2024,1,6.0,6.0,32.0,2105.0,3.0,3.3827812066301703,5.0,3.2258242769166827,53.0,28.0,7.0,0.0,M S,Verona,2.0,2.6214823788031936,5.601638951338828,2.192126054316759,Suslov,T,Suslov
2741,C,Pessina,Monza,2024,1,5.5,5.5,37.0,3243.0,6.0,6.191244266927242,3.0,1.2209580885246396,28.0,27.0,3.0,1.0,M,Monza,2.0,2.3847501277923584,13.443852856755257,10.650530990213156,Pessina,M,Pessina
4486,C,Strefezza,Como,2024,0,0.0,0.0,,,,,,,,,,,,,,,,,,,
5559,C,Da Cunha,Como,2024,0,0.0,0.0,,,,,,,,,,,,,,,,,,,
6224,C,Reijnders,Milan,2024,1,6.0,6.0,36.0,2843.0,3.0,4.087502425536513,3.0,3.857007266953587,44.0,50.0,8.0,0.0,M S,AC Milan,3.0,4.087502425536513,20.718899864703417,14.411027738824489,Reijnders,T,Reijnders
152,C,Zielinski,Inter,2024,0,0.0,0.0,28.0,1979.0,3.0,2.7691213600337505,2.0,3.8941668095067143,30.0,48.0,1.0,0.0,M S,Napoli,2.0,2.007822524756193,11.810004824772475,9.097011776641011,Zielinski,P,Zielinski
4427,C,Malinovskyi,Genoa,2024,1,6.5,6.5,,,,,,,,,,,,,,,,,,,
4856,C,Chukwueze,Milan,2024,1,5.5,5.5,24.0,1011.0,1.0,2.320517832413316,3.0,2.813594989478588,28.0,20.0,1.0,0.0,F M S,AC Milan,1.0,2.320517832413316,7.759905718266964,4.579765383154154,Chukwueze,S,Chukwueze
5791,C,Frendrup,Genoa,2024,1,6.5,6.5,37.0,3154.0,2.0,1.5405127331614494,5.0,2.2738952478393912,30.0,14.0,6.0,0.0,D M S,Genoa,2.0,1.5405127331614494,8.21080532670021,5.891995377838612,Frendrup,M,Frendrup
236,C,Lazovic,Verona,2024,1,7.5,9.5,32.0,1965.0,3.0,3.126208140514791,2.0,3.6228156751021743,34.0,31.0,0.0,1.0,D F M S,Verona,2.0,2.364909335039556,7.023141970857978,2.464788753539324,Lazovic,D,Lazovic
4186,C,Guendouzi,Lazio,2024,1,6.0,6.0,33.0,2378.0,2.0,1.3498496962711215,3.0,3.3368871798738837,26.0,23.0,3.0,1.0,M S,Lazio,2.0,1.3498496962711215,9.756979374215009,7.1318379221484065,Guendouzi,M,Guendouzi
4220,C,Zambo Anguissa,Napoli,2024,1,5.0,5.0,,,,,,,,,,,,,,,,,,,
4376,C,Zurkowski,Empoli,2024,0,0.0,0.0,,,,,,,,,,,,,,,,,,,
4377,C,Castrovilli,Lazio,2024,0,0.0,0.0,6.0,374.0,1.0,0.5842749997973442,2.0,0.6308609843254089,5.0,7.0,0.0,0.0,M S,Fiorentina,1.0,0.5842749997973442,1.6944605130702255,0.4793245438486337,Castrovilli,G,Castrovilli
4465,C,Fagioli,Juventus,2024,0,0.0,0.0,8.0,432.0,0.0,0.2789147980511188,2.0,1.3754366859793663,6.0,11.0,1.0,0.0,M S,Juventus,0.0,0.2789147980511188,2.4494937397539616,1.6591778006404638,Fagioli,N,Fagioli
5562,C,Thuram K.,Juventus,2024,0,0.0,0.0,,,,,,,,,,,,,,,,,,,
5564,C,Ndoye,Bologna,2024,1,6.0,6.0,32.0,1780.0,1.0,6.087033653631806,1.0,2.24803932569921,41.0,22.0,4.0,0.0,F M S,Bologna,1.0,6.087033653631806,11.469716750085354,3.714808417018503,Ndoye,D,Ndoye
5784,C,Aebischer,Bologna,2024,1,6.0,6.0,36.0,2232.0,0.0,0.9749945206567644,1.0,1.5278925970196724,17.0,17.0,8.0,0.0,M S,Bologna,0.0,0.9749945206567644,7.66948364302516,6.0087677873671055,Aebischer,M,Aebischer
5850,C,Lovric,Udinese,2024,1,5.0,5.0,29.0,1995.0,1.0,3.50694039138034,3.0,3.840361265465617,43.0,43.0,1.0,1.0,M S,Udinese,1.0,3.50694039138034,9.013672885019332,4.2419182769954205,Lovric,S,Lovric
6299,C,Le Fee,Roma,2024,1,6.0,6.0,,,,,,,,,,,,,,,,,,,
376,C,Verdi,Como,2024,0,0.0,0.0,1.0,1.0,0.0,0.0,0.0,0.0604485683143138,0.0,1.0,0.0,0.0,S,Torino,0.0,0.0,0.0604485683143138,0.0,Verdi,S,Verdi
779,C,Cristante,Roma,2024,1,6.0,6.0,37.0,3300.0,3.0,4.356771616265178,4.0,3.065107261762023,54.0,29.0,8.0,0.0,D M,Roma,3.0,4.356771616265178,16.0614797398448,12.43504716642201,Cristante,B,Cristante
788,C,Freuler,Bologna,2024,1,6.5,6.5,32.0,2657.0,1.0,1.5866257585585115,1.0,1.158876609057188,14.0,20.0,9.0,0.0,M S,Bologna,1.0,1.5866257585585115,11.166541524231434,9.252567537128924,Freuler,R,Freuler
2839,C,Sottil,Fiorentina,2024,0,0.0,0.0,22.0,1116.0,2.0,2.646036193706095,3.0,2.7609818801283836,34.0,13.0,1.0,0.0,M S,Fiorentina,2.0,2.646036193706095,7.369942061603069,3.5621309839189053,Sottil,R,Sottil
4287,C,Lobotka,Napoli,2024,1,4.5,4.5,38.0,3324.0,0.0,0.6276283888146281,1.0,1.4858915386721492,14.0,23.0,4.0,0.0,M,Napoli,0.0,0.6276283888146281,16.704255057498813,15.061229022219775,Lobotka,S,Lobotka
4364,C,Gaetano,Napoli,2024,0,0.0,0.0,,,,,,,,,,,,,,,,,,,
4896,C,Maldini,Monza,2024,1,5.5,5.0,,,,,,,,,,,,,,,,,,,
4970,C,Messias,Genoa,2024,1,6.5,6.5,,,,,,,,,,,,,,,,,,,
5919,C,Tchaouna,Lazio,2024,1,6.0,6.0,33.0,2096.0,4.0,2.7410695469006896,3.0,2.286348751746118,44.0,22.0,4.0,0.0,F M S,Salernitana,4.0,2.7410695469006896,6.495509563945234,2.617133552208543,Tchaouna,L,Tchaouna
6218,C,Oristanio,Venezia,2024,1,5.5,5.5,,,,,,,,,,,,,,,,,,,
6634,C,Tete Morente,Lecce,2024,0,0.0,0.0,,,,,,,,,,,,,,,,,,,
22,C,De Roon,Atalanta,2024,0,0.0,0.0,,,,,,,,,,,,,,,,,,,
526,C,Duncan,Venezia,2024,1,5.5,5.5,,,,,,,,,,,,,,,,,,,
795,C,El Shaarawy,Roma,2024,0,0.0,0.0,33.0,1732.0,3.0,2.4553019870072603,4.0,2.535477615892887,40.0,20.0,2.0,0.0,D F M S,Roma,3.0,2.4553019870072603,8.6091322414577,5.056028000079095,El Shaarawy,S,El Shaarawy
827,C,Locatelli,Juventus,2024,0,0.0,0.0,36.0,3023.0,1.0,1.1890530409291389,4.0,1.748154795728624,25.0,26.0,6.0,0.0,M S,Juventus,1.0,1.1890530409291389,13.120755590498447,11.252381660044191,Locatelli,M,Locatelli
1933,C,Mandragora,Fiorentina,2024,1,5.5,5.5,33.0,1563.0,3.0,3.8466990552842617,3.0,1.4808170050382614,30.0,13.0,5.0,0.0,M S,Fiorentina,3.0,3.8466990552842617,4.725248294882476,2.650852335616946,Mandragora,R,Mandragora
1976,C,Mazzitelli,Como,2024,0,0.0,0.0,29.0,2229.0,5.0,2.2706282678991556,0.0,1.240358730778098,49.0,12.0,4.0,1.0,M S,Frosinone,5.0,2.2706282678991556,8.944092478603125,6.5332458689808846,Mazzitelli,L,Mazzitelli
4522,C,Amrabat,Fiorentina,2024,1,6.0,6.0,,,,,,,,,,,,,,,,,,,
4686,C,Fofana Y.,Milan,2024,0,0.0,0.0,,,,,,,,,,,,,,,,,,,
5453,C,Ricci S.,Torino,2024,1,6.0,5.5,,,,,,,,,,,,,,,,,,,
5823,C,Baldanzi,Roma,2024,1,6.0,6.0,,,,,,,,,,,,,,,,,,,
6481,C,Payero,Udinese,2024,1,5.0,5.0,29.0,1796.0,2.0,1.4152702372521162,2.0,1.6361295226961374,38.0,14.0,6.0,1.0,M S,Udinese,2.0,1.4152702372521162,5.5864887572824955,3.486677371431142,Payero,M,Payero
6645,C,Marchwinski,Lecce,2024,0,0.0,0.0,,,,,,,,,,,,,,,,,,,
6804,C,Richardson,Fiorentina,2024,0,0.0,0.0,,,,,,,,,,,,,,,,,,,
181,C,Vecino,Lazio,2024,1,6.0,6.0,31.0,1100.0,6.0,4.235215881839395,1.0,0.4754638131707907,33.0,7.0,8.0,0.0,M S,Lazio,6.0,4.235215881839395,8.142204336822033,5.13212438300252,Vecino,M,Vecino
468,C,Paredes,Roma,2024,0,0.0,0.0,34.0,2680.0,3.0,3.0285770436748862,5.0,2.5797851774841547,32.0,27.0,15.0,1.0,M S,Roma,0.0,0.744680586270988,12.670357435941696,11.149565836414697,Paredes,L,Paredes
1978,C,Sensi,Monza,2024,0,0.0,0.0,4.0,34.0,0.0,0.0774952322244644,1.0,0.177813708782196,2.0,3.0,0.0,0.0,S,Inter,0.0,0.0774952322244644,0.2826309353113174,0.1410882957279682,Sensi,S,Sensi
2818,C,Bennacer,Milan,2024,1,6.5,6.5,20.0,1158.0,2.0,1.850306496024132,2.0,2.435472975485027,12.0,17.0,2.0,0.0,M S,AC Milan,1.0,1.0890076607465744,8.583248920738697,5.898235939443111,Bennacer,I,Bennacer
4342,C,Duda,Verona,2024,1,7.5,8.0,32.0,2505.0,1.0,2.166810128837824,4.0,3.7828885642811656,23.0,54.0,10.0,2.0,M S,Verona,1.0,1.4055112935602665,6.363787721842527,4.314336875453591,Duda,O,Duda
4459,C,Rovella,Lazio,2024,1,5.5,5.5,23.0,1328.0,0.0,0.5673309545964003,2.0,0.3831647876650095,5.0,10.0,6.0,0.0,M S,Lazio,0.0,0.5673309545964003,4.864365924149752,4.15737172588706,Rovella,N,Rovella
4973,C,Mckennie,Juventus,2024,0,0.0,0.0,,,,,,,,,,,,,,,,,,,
5007,C,Ilic,Torino,2024,1,6.5,6.5,31.0,2097.0,3.0,2.571698747575283,2.0,5.4198929220438,27.0,47.0,3.0,0.0,M S,Torino,3.0,2.571698747575283,7.87908730097115,4.572807356715202,Ilic,I,Ilic
5492,C,Tessmann,Venezia,2024,0,0.0,0.0,,,,,,,,,,,,,,,,,,,
5507,C,Busio,Venezia,2024,0,0.0,0.0,,,,,,,,,,,,,,,,,,,
6061,C,Oudin,Lecce,2024,0,0.0,0.0,31.0,1839.0,3.0,1.3559500183910131,2.0,5.604622139595449,34.0,58.0,3.0,0.0,F M S,Lecce,3.0,1.3559500183910131,7.771999806165695,4.81767800450325,Oudin,R,Oudin
6252,C,Folorunsho,Napoli,2024,0,0.0,0.0,34.0,2827.0,5.0,4.301565490663052,1.0,1.3998309317976236,47.0,18.0,5.0,0.0,F M S,Verona,5.0,4.301565490663052,6.740188028663397,2.493741159327328,Folorunsho,M,Folorunsho
6459,C,Karlsson,Bologna,2024,0,0.0,0.0,7.0,344.0,0.0,0.4770841570571065,0.0,0.1498148646205663,6.0,5.0,0.0,0.0,M S,Bologna,0.0,0.4770841570571065,0.6357683734968305,0.1441399790346622,Karlsson,J,Karlsson
170,C,Badelj,Genoa,2024,1,7.0,7.0,33.0,2588.0,1.0,1.3331176647916436,3.0,0.9685387210920452,21.0,18.0,6.0,0.0,M S,Genoa,1.0,1.3331176647916436,5.30420212354511,4.21149130910635,Badelj,M,Badelj
440,C,Viola,Cagliari,2024,0,0.0,0.0,,,,,,,,,,,,,,,,,,,
2172,C,Barak,Fiorentina,2024,0,0.0,0.0,21.0,784.0,2.0,2.33964005112648,3.0,3.230741411447525,20.0,15.0,2.0,0.0,F M S,Fiorentina,2.0,2.33964005112648,7.536964239552617,3.2750527299940586,Barak,A,Barak
2274,C,Valoti,Monza,2024,0,0.0,0.0,27.0,1535.0,3.0,3.3089673230424523,1.0,1.6931221056729555,31.0,24.0,7.0,0.0,F M S,SPAL 2013,3.0,3.3089673230424523,6.938954499550164,4.094058285467327,Valoti,M,Valoti
4423,C,Hernani,Parma,2024,0,0.0,0.0,,,,,,,,,,,,,,,,,,,
4965,C,Marin,Cagliari,2024,1,6.5,6.5,30.0,1815.0,0.0,1.0083023044280708,3.0,3.3114207424223423,35.0,33.0,3.0,0.0,M S,Empoli,0.0,1.0083023044280708,5.588325290009379,4.377111053094268,Marin,R,Marin
6592,C,Forson O.,Monza,2024,0,0.0,0.0,,,,,,,,,,,,,,,,,,,
6684,C,Ekkelenkamp,Udinese,2024,1,6.0,6.0,,,,,,,,,,,,,,,,,,,
6815,C,Fadera,Como,2024,0,0.0,0.0,,,,,,,,,,,,,,,,,,,
801,C,Gagliardini,Monza,2024,1,5.5,5.5,33.0,2392.0,1.0,4.718925521709025,2.0,1.4507102305069566,36.0,20.0,5.0,0.0,D M S,Monza,1.0,4.718925521709025,12.74323767144233,10.012927846051753,Gagliardini,R,Gagliardini
4404,C,Thorsby,Genoa,2024,1,6.0,6.0,24.0,1127.0,2.0,2.0728363944217563,2.0,1.581761445850134,13.0,9.0,2.0,0.0,M S,Genoa,2.0,2.0728363944217563,2.8514922419562936,0.8016927363350987,Thorsby,M,Thorsby
4658,C,Ikone',Fiorentina,2024,1,6.0,6.0,,,,,,,,,,,,,,,,,,,
4662,C,Weah,Juventus,2024,0,0.0,0.0,30.0,1245.0,0.0,1.8570021530613303,1.0,0.8826393820345402,12.0,13.0,5.0,0.0,D S,Juventus,0.0,1.8570021530613303,6.292055152356625,4.092949433252215,Weah,T,Weah
4890,C,Tameze,Torino,2024,1,6.0,5.5,29.0,2171.0,0.0,0.4694110434502363,2.0,2.187949159182608,9.0,19.0,6.0,1.0,D M S,Torino,0.0,0.4694110434502363,8.490508006885648,7.367256930097938,Tameze,A,Tameze
4892,C,Saelemaekers,Milan,2024,1,5.5,5.5,30.0,1909.0,4.0,2.824991188943386,2.0,3.0194268077611923,29.0,44.0,4.0,1.0,F M S,Bologna,4.0,2.824991188943386,8.58481384627521,4.7481407187879086,Saelemaekers,A,Saelemaekers
4992,C,Gyasi,Empoli,2024,1,6.0,6.0,,,,,,,,,,,,,,,,,,,
5319,C,Sohm,Parma,2024,1,6.5,6.5,1.0,78.0,0.0,0.4825944304466247,0.0,0.0,3.0,0.0,0.0,0.0,M,Parma Calcio 1913,0.0,0.4825944304466247,0.4825944304466247,0.0,Sohm,S,Sohm
5423,C,Bove,Roma,2024,0,0.0,0.0,31.0,1766.0,0.0,1.5188872143626213,2.0,0.919532866217196,19.0,16.0,2.0,0.0,M S,Roma,0.0,1.5188872143626213,8.768603987060487,6.591720283031464,Bove,E,Bove
5425,C,Urbanski,Bologna,2024,0,0.0,0.0,22.0,911.0,0.0,1.4756384547799826,1.0,0.9181818217039108,17.0,16.0,3.0,0.0,F M S,Bologna,0.0,1.4756384547799826,5.409994894638658,3.9538381304591894,Urbanski,K,Urbanski
5504,C,Coulibaly L.,Lecce,2024,0,0.0,0.0,28.0,2096.0,0.0,0.4365227520465851,1.0,0.973370311781764,13.0,11.0,5.0,0.0,M S,Salernitana,0.0,0.4365227520465851,5.651856973767281,5.296831698156893,Coulibaly,L,Coulibaly L.
5719,C,Asllani,Inter,2024,0,0.0,0.0,23.0,746.0,1.0,0.6922403955832124,2.0,1.3165023643523457,15.0,8.0,1.0,0.0,M S,Inter,1.0,0.6922403955832124,6.1372614447027445,5.025871854275465,Asllani,K,Asllani
5875,C,Adli,Milan,2024,0,0.0,0.0,24.0,1435.0,1.0,0.1724660396575927,2.0,1.649123763665557,4.0,22.0,3.0,0.0,M S,AC Milan,1.0,0.1724660396575927,8.18585869949311,7.408783662132919,Adli,Y,Adli
5880,C,Ciurria,Monza,2024,0,0.0,0.0,22.0,1606.0,0.0,1.475392802618444,1.0,3.146348964422941,28.0,31.0,2.0,0.0,D F M S,Monza,0.0,1.475392802618444,7.059582455083728,3.7341069895774126,Ciurria,P,Ciurria
6394,C,Ramadani,Lecce,2024,0,0.0,0.0,34.0,2989.0,1.0,1.12616962287575,0.0,0.8014742638915777,31.0,16.0,13.0,0.0,M,Lecce,1.0,1.12616962287575,7.142113093286753,5.900680987164378,Ramadani,Y,Ramadani
6458,C,Serdar,Verona,2024,1,5.5,5.5,25.0,1661.0,0.0,1.060647669248283,2.0,1.1698606880381703,22.0,17.0,7.0,0.0,M S,Verona,0.0,1.060647669248283,3.126561622135341,1.5272986348718405,Serdar,S,Serdar
6629,C,Dele-Bashiru,Lazio,2024,1,7.0,7.0,,,,,,,,,,,,,,,,,,,
6640,C,Felici,Cagliari,2024,0,0.0,0.0,,,,,,,,,,,,,,,,,,,
6680,C,Karlstrom,Udinese,2024,1,6.0,6.0,,,,,,,,,,,,,,,,,,,
1871,C,Deiola,Cagliari,2024,1,6.0,5.5,27.0,1611.0,1.0,2.924027793109417,0.0,0.9824435133486986,25.0,10.0,7.0,0.0,M S,Cagliari,1.0,2.924027793109417,4.589740971103311,2.5830027107149363,Deiola,A,Deiola
2117,C,Kastanos,Verona,2024,1,6.5,6.5,26.0,1504.0,3.0,2.4107249891385436,3.0,2.1585450284183025,30.0,28.0,5.0,0.0,D M S,Salernitana,3.0,2.4107249891385436,5.4913522163406014,2.433546317741275,Kastanos,G,Kastanos
4498,C,Henderson L.,Empoli,2024,1,6.5,6.5,,,,,,,,,,,,,,,,,,,
4711,C,Kostic,Juventus,2024,0,0.0,0.0,29.0,1876.0,0.0,0.7081119995564222,4.0,6.123868856579065,21.0,40.0,2.0,0.0,D S,Juventus,0.0,0.7081119995564222,8.757608419284225,6.036460127681494,Kostic,F,Kostic
4947,C,Brescianini,Atalanta,2024,0,0.0,0.0,36.0,2324.0,4.0,2.032998721115291,2.0,2.1246125996112823,31.0,22.0,1.0,0.0,D F M S,Frosinone,4.0,2.032998721115291,7.01019527669996,3.680753684602678,Brescianini,M,Brescianini
5290,C,Estevez,Parma,2024,1,5.5,5.0,,,,,,,,,,,,,,,,,,,
5295,C,Musah,Milan,2024,1,6.5,7.5,30.0,1439.0,0.0,0.6486980924382806,2.0,1.5079145263880491,14.0,14.0,5.0,0.0,D M S,AC Milan,0.0,0.6486980924382806,5.727942459285259,3.954697690904141,Musah,Y,Musah
5485,C,Bjarkason,Venezia,2024,0,0.0,0.0,,,,,,,,,,,,,,,,,,,
5813,C,Miretti,Juventus,2024,0,0.0,0.0,25.0,1118.0,1.0,1.325026299804449,1.0,1.4677876215428114,20.0,25.0,3.0,0.0,F M S,Juventus,1.0,1.325026299804449,4.88746052980423,2.944629279896617,Miretti,F,Miretti
6010,C,Fazzini,Empoli,2024,1,6.5,6.0,31.0,1213.0,1.0,1.0734277730807662,1.0,2.0790783083066344,23.0,24.0,6.0,0.0,M S,Empoli,1.0,1.0734277730807662,5.486825512722135,3.5779570806771517,Fazzini,J,Fazzini
6170,C,Gineitis,Torino,2024,0,0.0,0.0,14.0,522.0,0.0,0.6061288490891457,0.0,0.4122712407261133,9.0,8.0,2.0,0.0,M S,Torino,0.0,0.6061288490891457,2.425183964893222,2.0006659291684628,Gineitis,G,Gineitis
6222,C,Rafia,Lecce,2024,0,0.0,0.0,28.0,1234.0,1.0,0.6631547901779413,0.0,0.6085196658968925,16.0,15.0,4.0,0.0,M S,Lecce,1.0,0.6631547901779413,3.90921900421381,2.8361529326066375,Rafia,H,Rafia
6225,C,El Azzouzi,Bologna,2024,0,0.0,0.0,18.0,520.0,2.0,0.4724064394831657,2.0,0.9569269753992558,2.0,6.0,4.0,0.0,M S,Bologna,2.0,0.4724064394831657,2.4028254486620426,1.3159676501527429,El Azzouzi,O,El Azzouzi
6232,C,Makoumbou,Cagliari,2024,0,0.0,0.0,32.0,2715.0,1.0,0.622934453189373,0.0,1.2004082184284923,8.0,15.0,3.0,2.0,M,Cagliari,1.0,0.622934453189373,6.938698309473693,5.549611383117735,Makoumbou,A,Makoumbou
6424,C,Prati,Cagliari,2024,1,6.0,6.0,26.0,1978.0,1.0,2.1295204116031528,1.0,0.582101290114224,35.0,14.0,4.0,0.0,M S,Cagliari,1.0,2.1295204116031528,4.893152610398829,4.056498377583921,Prati,M,Prati
6633,C,Pierret,Lecce,2024,0,0.0,0.0,,,,,,,,,,,,,,,,,,,
6676,C,Engelhardt,Como,2024,0,0.0,0.0,,,,,,,,,,,,,,,,,,,
27,C,Grassi,Empoli,2024,0,0.0,0.0,27.0,1837.0,0.0,0.9090436110273004,1.0,0.8388190064579248,23.0,6.0,4.0,1.0,M S,Empoli,0.0,0.9090436110273004,4.838489793241024,4.473317813128233,Grassi,A,Grassi
333,C,Cataldi,Lazio,2024,0,0.0,0.0,28.0,1355.0,1.0,0.3127561341971159,0.0,0.9586758268997072,12.0,11.0,8.0,0.0,M S,Lazio,1.0,0.3127561341971159,4.39442494045943,3.7201632326468825,Cataldi,D,Cataldi
556,C,Baselli,Como,2024,0,0.0,0.0,,,,,,,,,,,,,,,,,,,
1987,C,Jankto,Cagliari,2024,0,0.0,0.0,18.0,900.0,1.0,1.4536809204146266,2.0,0.5478375209495425,12.0,6.0,0.0,0.0,M S,Cagliari,1.0,1.4536809204146266,3.1707892743870616,1.529730579815805,Jankto,J,Jankto
2008,C,Linetty,Torino,2024,1,6.0,6.0,28.0,1856.0,0.0,0.5407502222806215,0.0,1.1149951126426458,16.0,15.0,12.0,0.0,M S,Torino,0.0,0.5407502222806215,5.900664731860161,4.934686308726668,Linetty,K,Linetty
5457,C,Maleh,Empoli,2024,1,6.0,6.0,34.0,2639.0,0.0,0.9273026809096336,1.0,2.1609607758000493,18.0,34.0,11.0,0.0,M S,Empoli,0.0,0.9273026809096336,6.281802204437554,3.827223476953805,Maleh,Y,Maleh
5992,C,Bondo,Monza,2024,1,6.0,6.0,25.0,1456.0,1.0,1.0160550205036998,1.0,0.5501793222501874,17.0,7.0,9.0,0.0,M S,Monza,1.0,1.0160550205036998,5.249609800055623,3.849331934005022,Bondo,W,Bondo
6212,C,Zarraga,Udinese,2024,0,0.0,0.0,15.0,383.0,2.0,0.5558614768087864,0.0,0.0347695304080843,6.0,2.0,0.0,0.0,M S,Udinese,2.0,0.5558614768087864,0.976634681224823,0.8069032430648804,Zarraga,O,Zarraga
6402,C,Cajuste,Napoli,2024,0,0.0,0.0,26.0,986.0,0.0,1.4428469873964789,2.0,1.3371006846427915,16.0,15.0,7.0,0.0,M S,Napoli,0.0,1.4428469873964789,6.839327538385987,4.322914877906442,Cajuste,J,Cajuste
6562,C,Dani Silva,Verona,2024,0,0.0,0.0,,,,,,,,,,,,,,,,,,,
6579,C,Mitrovic S.,Verona,2024,0,0.0,0.0,,,,,,,,,,,,,,,,,,,
6656,C,Braunoder,Como,2024,0,0.0,0.0,,,,,,,,,,,,,,,,,,,
666,C,Machin,Monza,2024,0,0.0,0.0,,,,,,,,,,,,,,,,,,,
2161,C,Haas,Empoli,2024,0,0.0,0.0,1.0,90.0,0.0,0.0685825496912002,0.0,0.0,1.0,0.0,1.0,0.0,M,Empoli,0.0,0.0685825496912002,0.1952812671661377,0.1266987174749374,Haas,N,Haas
2357,C,Cyprien,Parma,2024,1,5.5,5.5,1.0,8.0,0.0,0.3532252907752991,0.0,0.0,1.0,0.0,0.0,0.0,S,Parma Calcio 1913,0.0,0.3532252907752991,0.3532252907752991,0.0,Cyprien,W,Cyprien
4870,C,Adopo,Cagliari,2024,1,6.0,6.0,10.0,84.0,0.0,0.2529441714286804,1.0,0.1038771420717239,1.0,2.0,0.0,0.0,S,Atalanta,0.0,0.2529441714286804,0.9938008151948452,0.8899236712604761,Adopo,N,Adopo
5298,C,Pobega,Milan,2024,0,0.0,0.0,11.0,298.0,0.0,0.3183460757136345,0.0,0.2567567229270935,5.0,1.0,0.0,0.0,D M S,AC Milan,0.0,0.3183460757136345,2.486055664718151,2.0224963948130608,Pobega,T,Pobega
5422,C,Zalewski,Roma,2024,1,6.0,6.0,22.0,976.0,0.0,1.1059876764193175,1.0,1.9128439761698248,16.0,17.0,1.0,1.0,D F S,Roma,0.0,1.1059876764193175,5.136600196361542,3.116694536060095,Zalewski,N,Zalewski
5516,C,Bianco,Fiorentina,2024,1,6.0,6.0,,,,,,,,,,,,,,,,,,,
5879,C,Vignato S.,Monza,2024,1,5.0,5.0,10.0,332.0,1.0,1.6053274646401403,0.0,0.1686290772631764,7.0,4.0,2.0,0.0,M S,Monza,1.0,1.6053274646401403,2.085781052708626,0.4161661900579929,Vignato,S,Vignato S.
5998,C,Zerbin,Napoli,2024,0,0.0,0.0,,,,,,,,,,,,,,,,,,,
6020,C,Ellertsson,Venezia,2024,1,6.5,7.5,,,,,,,,,,,,,,,,,,,
6024,C,Sulemana I.,Atalanta,2024,0,0.0,0.0,,,,,,,,,,,,,,,,,,,
6054,C,Moro N.,Bologna,2024,1,6.0,6.0,,,,,,,,,,,,,,,,,,,
6674,C,Andersen M.k.,Venezia,2024,1,6.5,9.5,,,,,,,,,,,,,,,,,,,
434,C,Jajalo,Venezia,2024,0,0.0,0.0,,,,,,,,,,,,,,,,,,,
4349,C,Nicolussi Caviglia,Juventus,2024,0,0.0,0.0,8.0,263.0,0.0,0.1111021563410759,1.0,0.3564958497881889,3.0,8.0,1.0,0.0,M S,Juventus,0.0,0.1111021563410759,1.0787366107106209,0.9936075806617736,Nicolussi Caviglia,H,Nicolussi Caviglia
5286,C,Akpa Akpro,Lazio,2024,0,0.0,0.0,,,,,,,,,,,,,,,,,,,
5421,C,Camara D.,Parma,2024,1,6.0,6.0,,,,,,,,,,,,,,,,,,,
5486,C,Crnigoj,Venezia,2024,1,6.0,6.0,1.0,18.0,0.0,0.0,0.0,0.0,0.0,0.0,0.0,0.0,S,Venezia,0.0,0.0,0.0,0.0,Crnigoj,D,Crnigoj
5725,C,Kone B.,Como,2024,0,0.0,0.0,,,,,,,,,,,,,,,,,,,
5798,C,Bohinen,Genoa,2024,0,0.0,0.0,,,,,,,,,,,,,,,,,,,
5873,C,Listkowski,Lecce,2024,0,0.0,0.0,1.0,7.0,0.0,0.0119695411995053,0.0,0.0,1.0,0.0,0.0,0.0,S,Lecce,0.0,0.0119695411995053,0.0,0.0,Listkowski,M,Listkowski
6009,C,Degli Innocenti,Empoli,2024,0,0.0,0.0,,,,,,,,,,,,,,,,,,,
6162,C,Abildgaard,Como,2024,0,0.0,0.0,,,,,,,,,,,,,,,,,,,
6190,C,Pisilli,Roma,2024,0,0.0,0.0,1.0,8.0,0.0,0.0,0.0,0.0,0.0,0.0,0.0,0.0,S,Roma,0.0,0.0,0.0,0.0,Pisilli,N,Pisilli
6191,C,Belahyane,Verona,2024,1,6.5,6.0,2.0,88.0,0.0,0.0283172782510519,0.0,0.0,1.0,0.0,0.0,0.0,M S,Verona,0.0,0.0283172782510519,0.864464646205306,0.8361473679542542,Belahyane,R,Belahyane
6203,C,Belardinelli,Empoli,2024,0,0.0,0.0,,,,,,,,,,,,,,,,,,,
6233,C,Lella,Venezia,2024,0,0.0,0.0,1.0,2.0,0.0,0.0,0.0,0.0,0.0,0.0,0.0,0.0,S,Venezia,0.0,0.0,0.0,0.0,Lella,N,Lella
6410,C,Kaba,Lecce,2024,0,0.0,0.0,23.0,1375.0,0.0,1.486546249128878,0.0,0.8267533173784614,14.0,13.0,2.0,1.0,M S,Lecce,0.0,1.486546249128878,5.888079074211419,3.674834813922644,Kaba,M,Kaba
6524,C,Zeroli,Milan,2024,0,0.0,0.0,3.0,22.0,0.0,0.0,0.0,0.0,0.0,0.0,0.0,0.0,S,AC Milan,0.0,0.0,0.0,0.0,Zeroli,K,Zeroli
6532,C,Buchanan T.,Inter,2024,0,0.0,0.0,,,,,,,,,,,,,,,,,,,
6655,C,Bellemo,Como,2024,0,0.0,0.0,,,,,,,,,,,,,,,,,,,
6677,C,Adzic,Juventus,2024,0,0.0,0.0,,,,,,,,,,,,,,,,,,,
6678,C,Liberali,Milan,2024,0,0.0,0.0,,,,,,,,,,,,,,,,,,,
6683,C,Doumbia I.,Venezia,2024,0,0.0,0.0,,,,,,,,,,,,,,,,,,,
2764,A,Martinez L.,Inter,2024,1,5.0,5.0,,,,,,,,,,,,,,,,,,,
2841,A,Vlahovic,Juventus,2024,0,0.0,0.0,33.0,2346.0,16.0,18.15998312085867,4.0,2.7414223439991474,110.0,29.0,6.0,1.0,F S,Juventus,14.0,15.114787809550762,15.924202740192412,3.548745024949312,Vlahovic,D,Vlahovic
4661,A,Osimhen,Napoli,2024,0,0.0,0.0,25.0,2015.0,15.0,17.077908156439662,3.0,3.6298218183219433,90.0,24.0,4.0,1.0,F S,Napoli,12.0,13.271414129063489,17.016105957329273,3.5706963166594505,Osimhen,V,Osimhen
309,A,Dybala,Roma,2024,1,6.5,6.5,28.0,2011.0,13.0,10.748245939612389,9.0,5.363411068916321,59.0,50.0,3.0,0.0,F M S,Roma,6.0,5.419154184870422,13.225863721221684,8.160132974386215,Dybala,P,Dybala
6675,A,Dovbyk,Roma,2024,1,5.5,5.5,,,,,,,,,,,,,,,,,,,
4871,A,Thuram,Inter,2024,1,7.5,13.5,35.0,2750.0,13.0,15.48910939320922,7.0,4.38146791793406,77.0,30.0,3.0,0.0,F S,Inter,13.0,15.48910939320922,25.697542982175943,8.535633765161037,Thuram,M,Thuram
5839,A,Kvaratskhelia,Napoli,2024,1,5.5,5.5,34.0,2774.0,11.0,12.988513953983784,6.0,6.76034078001976,129.0,63.0,8.0,0.0,F M S,Napoli,11.0,12.988513953983784,24.399165177717805,8.898299863561988,Kvaratskhelia,K,Kvaratskhelia
2137,A,Scamacca,Atalanta,2024,0,0.0,0.0,29.0,1445.0,12.0,8.273879911750555,6.0,3.805969566106796,60.0,33.0,1.0,0.0,F S,Atalanta,12.0,8.273879911750555,13.530910216271876,4.084158739075065,Scamacca,G,Scamacca
4730,A,Lookman,Atalanta,2024,0,0.0,0.0,31.0,1930.0,11.0,11.020978674292564,7.0,6.360278395935893,67.0,49.0,4.0,0.0,F M S,Atalanta,11.0,11.020978674292564,19.686111683025956,5.54826701618731,Lookman,A,Lookman
5800,A,Gudmundsson A.,Fiorentina,2024,0,0.0,0.0,,,,,,,,,,,,,,,,,,,
313,A,Morata,Milan,2024,1,6.5,9.0,,,,,,,,,,,,,,,,,,,
608,A,Zapata D.,Torino,2024,1,7.5,10.5,2.0,123.0,1.0,0.3791548311710357,0.0,0.1303568929433822,5.0,2.0,0.0,0.0,F,Atalanta,1.0,0.3791548311710357,0.5783742368221283,0.2708733379840851,Zapata,D,Zapata D.
608,A,Zapata D.,Torino,2024,1,7.5,10.5,35.0,2913.0,12.0,12.545442997477949,4.0,2.892749333754182,99.0,27.0,2.0,0.0,F S,Torino,12.0,12.545442997477949,15.877615801990032,5.823330918326974,Zapata,D,Zapata D.
4179,A,Gonzalez N.,Fiorentina,2024,0,0.0,0.0,,,,,,,,,,,,,,,,,,,
4510,A,Leao,Milan,2024,1,5.0,5.0,,,,,,,,,,,,,,,,,,,
6643,A,Dallinga,Bologna,2024,0,0.0,0.0,,,,,,,,,,,,,,,,,,,
2097,A,Kean,Fiorentina,2024,1,5.5,5.5,19.0,646.0,0.0,2.7023022659122944,0.0,0.6390364356338978,16.0,5.0,2.0,0.0,F S,Juventus,0.0,2.7023022659122944,3.156016569584608,0.715679656714201,Kean,M,Kean
5995,A,De Ketelaere,Atalanta,2024,0,0.0,0.0,35.0,2064.0,10.0,7.576863840222359,8.0,7.673456937074661,45.0,49.0,1.0,0.0,F M S,Atalanta,9.0,6.815564997494221,17.62094940803945,7.474469909444451,De Ketelaere,C,De Ketelaere
6226,A,Castellanos,Lazio,2024,1,7.5,10.0,35.0,1650.0,4.0,6.691938574425876,3.0,1.9540263283997776,54.0,19.0,2.0,0.0,F S,Lazio,4.0,6.691938574425876,10.104372954927385,3.248108034953475,Castellanos,V,Castellanos
2002,A,Chiesa,Juventus,2024,0,0.0,0.0,33.0,2220.0,9.0,8.021589172072709,2.0,7.339922096580267,74.0,54.0,1.0,0.0,F M S,Juventus,8.0,7.260290336795151,18.357803158462048,6.64956908300519,Chiesa,F,Chiesa
5734,A,Soule',Roma,2024,1,6.0,6.0,,,,,,,,,,,,,,,,,,,
6228,A,Retegui,Atalanta,2024,0,0.0,0.0,29.0,2235.0,7.0,7.062236865982413,2.0,0.9539305465295912,63.0,12.0,5.0,0.0,F S,Genoa,6.0,6.300938048399985,7.494548461399972,2.6804171930998564,Retegui,M,Retegui
2038,A,Pinamonti,Genoa,2024,0,0.0,0.0,,,,,,,,,,,,,,,,,,,
441,A,Belotti,Como,2024,0,0.0,0.0,,,,,,,,,,,,,,,,,,,
6435,A,Krstovic,Lecce,2024,0,0.0,0.0,35.0,2401.0,7.0,12.602945871651173,1.0,2.69566588755697,92.0,40.0,4.0,1.0,F S,Lecce,6.0,10.31904935836792,13.926026972942054,3.3291308879852295,Krstovic,N,Krstovic
2475,A,Sanchez,Udinese,2024,0,0.0,0.0,,,,,,,,,,,,,,,,,,,
5079,A,Pohjanpalo,Venezia,2024,0,0.0,0.0,,,,,,,,,,,,,,,,,,,
6556,A,Noslin,Lazio,2024,1,6.5,6.5,17.0,1368.0,5.0,3.635997879318893,4.0,1.871297030709684,36.0,26.0,2.0,0.0,F M,Verona,5.0,3.635997879318893,7.412537131458521,2.347518300637603,Noslin,T,Noslin
5672,A,Dia,Lazio,2024,0,0.0,0.0,17.0,1134.0,4.0,4.597895558923483,0.0,0.5252823103219271,29.0,10.0,1.0,0.0,F M S,Salernitana,3.0,3.8365967236459255,4.8020573407411575,0.8395658656954765,Dia,B,Dia
6434,A,Yildiz,Juventus,2024,0,0.0,0.0,27.0,923.0,2.0,1.904007162898779,0.0,1.6226798808202147,19.0,18.0,3.0,0.0,F S,Juventus,2.0,1.904007162898779,4.9889865182340145,2.5734628178179264,Yildiz,K,Yildiz
6628,A,Taremi,Inter,2024,1,6.5,6.5,,,,,,,,,,,,,,,,,,,
6215,A,Lucca,Udinese,2024,1,5.5,5.0,37.0,2624.0,8.0,9.097997449338436,4.0,1.4457896761596205,61.0,20.0,6.0,0.0,F S,Udinese,8.0,9.097997449338436,10.78939988091588,1.7023183298297226,Lucca,L,Lucca
6646,A,Adams C.,Torino,2024,1,6.0,6.0,,,,,,,,,,,,,,,,,,,
2544,A,Abraham,Roma,2024,0,0.0,0.0,8.0,230.0,1.0,0.694375567138195,0.0,0.1508842362090945,4.0,3.0,1.0,0.0,F S,Roma,1.0,0.694375567138195,0.4077750099822879,0.0144925015047192,Abraham,T,Abraham
4359,A,Piccoli,Cagliari,2024,1,6.0,6.0,,,,,,,,,,,,,,,,,,,
2012,A,Milik,Juventus,2024,0,0.0,0.0,32.0,858.0,4.0,5.394047812558711,1.0,3.4170331433415413,36.0,15.0,2.0,1.0,F S,Juventus,4.0,5.394047812558711,8.824270950630307,1.2191411405801773,Milik,A,Milik
4436,A,Cambiaghi,Bologna,2024,1,6.0,6.0,37.0,2573.0,1.0,4.165542892180383,1.0,2.8089517606422305,72.0,31.0,3.0,0.0,F M S,Empoli,1.0,4.165542892180383,9.30418773368001,3.278561648912728,Cambiaghi,N,Cambiaghi
4923,A,Colombo,Empoli,2024,1,5.5,5.5,25.0,1351.0,4.0,4.194637024775147,1.0,0.4335366464219987,37.0,8.0,3.0,0.0,F S,Monza,4.0,4.194637024775147,6.460399262141436,1.996957939118147,Colombo,L,Colombo
5297,A,Luvumbo,Cagliari,2024,1,6.0,6.0,,,,,,,,,,,,,,,,,,,
5471,A,Djuric,Monza,2024,0,0.0,0.0,,,,,,,,,,,,,,,,,,,
6164,A,Vitinha O.,Genoa,2024,1,6.0,6.0,,,,,,,,,,,,,,,,,,,
6801,A,Tengstedt,Verona,2024,1,5.5,5.5,,,,,,,,,,,,,,,,,,,
2061,A,Simeone,Napoli,2024,1,5.0,5.0,28.0,752.0,1.0,4.133235761895776,0.0,0.7984235929325223,35.0,10.0,3.0,0.0,F S,Napoli,1.0,4.133235761895776,3.8527955766767263,0.7010052110999823,Simeone,G,Simeone
4371,A,Raspadori,Napoli,2024,1,5.0,4.5,37.0,1546.0,5.0,6.702579943463206,3.0,4.483555294573307,61.0,36.0,0.0,0.0,F M S,Napoli,5.0,5.941281167790294,13.592910822480915,5.701834740117192,Raspadori,G,Raspadori
6227,A,Okafor,Milan,2024,1,7.0,10.0,28.0,837.0,6.0,4.565763399004936,2.0,1.1466773133724928,22.0,8.0,1.0,0.0,F M S,AC Milan,6.0,4.565763399004936,6.369675822556019,1.8827040195465088,Okafor,N,Okafor
6229,A,Toure' E.,Atalanta,2024,0,0.0,0.0,,,,,,,,,,,,,,,,,,,
6398,A,Isaksen,Lazio,2024,1,6.0,6.0,28.0,1061.0,3.0,1.645481524989009,1.0,2.6048705708235502,23.0,19.0,3.0,0.0,D F M S,Lazio,3.0,1.645481524989009,6.753309216350317,3.515850380063057,Isaksen,G,Isaksen
6409,A,Beltran L.,Fiorentina,2024,0,0.0,0.0,,,,,,,,,,,,,,,,,,,
479,A,Sanabria,Torino,2024,1,6.0,6.0,35.0,2156.0,5.0,10.537829289212825,0.0,1.1701391767710447,54.0,15.0,2.0,0.0,F M S,Torino,3.0,9.015231618657708,12.769075983203948,5.5119775626808405,Sanabria,A,Sanabria
2369,A,Thauvin,Udinese,2024,1,4.0,1.0,29.0,1717.0,5.0,5.913654111325741,3.0,5.4384216740727425,48.0,38.0,4.0,0.0,F M S,Udinese,4.0,5.152355298399925,12.571636833250524,4.254050675779581,Thauvin,F,Thauvin
2438,A,Jovic,Milan,2024,1,5.0,4.5,23.0,844.0,6.0,5.654392594471574,1.0,1.2098798044025898,22.0,11.0,2.0,1.0,F S,AC Milan,6.0,5.654392594471574,6.618622664362192,0.5274116210639477,Jovic,L,Jovic
2765,A,Odgaard,Bologna,2024,0,0.0,0.0,10.0,430.0,2.0,1.2369104344397783,0.0,0.1100126467645168,11.0,2.0,1.0,0.0,F M S,Bologna,2.0,1.2369104344397783,1.4135567136108875,0.0666336305439472,Odgaard,J,Odgaard
5882,A,Mota,Monza,2024,1,5.5,5.5,34.0,2084.0,4.0,5.251721445471048,3.0,3.44157709274441,38.0,34.0,3.0,0.0,D F M S,Monza,4.0,5.251721445471048,11.03209387511015,5.333640689961612,Mota,D,Mota
6667,A,Benedyczak,Parma,2024,0,0.0,0.0,,,,,,,,,,,,,,,,,,,
1939,A,Lapadula,Cagliari,2024,0,0.0,0.0,,,,,,,,,,,,,,,,,,,
1958,A,Caprari,Monza,2024,1,6.0,6.0,,,,,,,,,,,,,,,,,,,
2155,A,Cutrone,Como,2024,0,0.0,0.0,,,,,,,,,,,,,,,,,,,
5506,A,Ekuban,Genoa,2024,0,0.0,0.0,29.0,1104.0,4.0,3.069615147076547,1.0,1.6045123357325792,26.0,15.0,0.0,0.0,F S,Genoa,4.0,3.069615147076547,4.363434009253979,0.6763226184993982,Ekuban,C,Ekuban
6001,A,Banda,Lecce,2024,0,0.0,0.0,21.0,1381.0,2.0,4.250229399651289,4.0,2.862423125654459,50.0,24.0,5.0,1.0,F M S,Lecce,2.0,4.250229399651289,8.565378371626139,2.568667955696583,Banda,L,Banda
6145,A,Ngonge,Napoli,2024,1,6.0,6.0,,,,,,,,,,,,,,,,,,,
6207,A,Almqvist,Parma,2024,1,6.0,6.0,,,,,,,,,,,,,,,,,,,
6439,A,Cheddira,Napoli,2024,0,0.0,0.0,36.0,2150.0,7.0,9.744923711754382,1.0,1.1241850014775991,60.0,16.0,0.0,0.0,F M S,Frosinone,6.0,8.983624876476824,11.387159596197309,2.7390568777918816,Cheddira,W,Cheddira
4268,A,Arnautovic,Inter,2024,0,0.0,0.0,27.0,748.0,5.0,5.603070825338364,3.0,2.8958673030138016,17.0,16.0,0.0,0.0,F S,Inter,5.0,5.603070825338364,9.66440336406231,2.5932205468416214,Arnautovic,M,Arnautovic
5322,A,Mihaila,Parma,2024,1,5.5,5.5,,,,,,,,,,,,,,,,,,,
6572,A,Castro S.,Bologna,2024,1,6.5,6.5,8.0,229.0,1.0,0.8369157202541828,1.0,0.3986154198646545,7.0,1.0,1.0,0.0,F S,Bologna,1.0,0.8369157202541828,2.0450746789574623,1.24784816801548,Castro,S,Castro S.
6630,A,Mosquera,Verona,2024,1,7.5,13.5,,,,,,,,,,,,,,,,,,,
6669,A,Bonny,Parma,2024,1,6.5,7.5,1.0,67.0,0.0,0.0903794094920158,1.0,0.238602414727211,1.0,4.0,0.0,0.0,F,Parma Calcio 1913,0.0,0.0903794094920158,0.3022870123386383,0.0,Bonny,A,Bonny
6213,A,Brenner,Udinese,2024,1,5.5,6.5,8.0,190.0,0.0,0.5442621372640133,0.0,0.030571348965168,4.0,2.0,0.0,0.0,F M S,Udinese,0.0,0.5442621372640133,0.5279277171939611,0.0761274024844169,Brenner,B,Brenner
5336,A,Nzola,Fiorentina,2024,0,0.0,0.0,,,,,,,,,,,,,,,,,,,
5637,A,Davis K.,Udinese,2024,0,0.0,0.0,,,,,,,,,,,,,,,,,,,
383,A,Petagna,Monza,2024,1,5.0,5.0,,,,,,,,,,,,,,,,,,,
2819,A,Caputo,Empoli,2024,0,0.0,0.0,,,,,,,,,,,,,,,,,,,
5881,A,Gytkjaer,Venezia,2024,1,5.5,5.5,,,,,,,,,,,,,,,,,,,
2762,A,Kouame',Fiorentina,2024,1,5.5,5.5,,,,,,,,,,,,,,,,,,,
5500,A,Cancellieri,Parma,2024,1,6.0,6.0,,,,,,,,,,,,,,,,,,,
6549,A,Pierotti,Lecce,2024,0,0.0,0.0,11.0,175.0,0.0,0.3271357007324695,2.0,0.884659118950367,7.0,2.0,0.0,0.0,S,Lecce,0.0,0.3271357007324695,1.4067715667188168,0.2904151491820812,Pierotti,S,Pierotti
6558,A,Tavsan,Verona,2024,0,0.0,0.0,3.0,39.0,0.0,0.1019730642437934,0.0,0.0,3.0,0.0,0.0,0.0,S,Verona,0.0,0.1019730642437934,0.1019730642437934,0.0,Tavsan,E,Tavsan
6644,A,Rocha Livramento,Verona,2024,1,7.0,10.0,,,,,,,,,,,,,,,,,,,
6653,A,Bravo,Udinese,2024,0,0.0,0.0,,,,,,,,,,,,,,,,,,,
247,A,Pavoletti,Cagliari,2024,1,6.0,6.0,19.0,595.0,4.0,3.134023245424032,1.0,0.6250302419066429,25.0,7.0,4.0,0.0,F S,Cagliari,4.0,3.134023245424032,3.2340850811451674,1.0611830335110426,Pavoletti,L,Pavoletti
495,A,Correa,Inter,2024,0,0.0,0.0,,,,,,,,,,,,,,,,,,,
1842,A,Pierini,Venezia,2024,1,5.5,5.5,1.0,35.0,0.0,0.0391007140278816,0.0,0.0341876409947872,1.0,1.0,0.0,0.0,S,Venezia,0.0,0.0391007140278816,0.092625506222248,0.092625506222248,Pierini,N,Pierini
2103,A,Pellegri,Torino,2024,0,0.0,0.0,24.0,728.0,1.0,1.5631389655172825,1.0,0.1794552765786647,13.0,4.0,3.0,0.0,F M S,Torino,1.0,1.5631389655172825,1.3027387280017138,0.4921676684170961,Pellegri,P,Pellegri
2489,A,Pedro,Lazio,2024,0,0.0,0.0,33.0,753.0,1.0,1.8198607312515376,1.0,2.2389940647408366,11.0,17.0,4.0,0.0,F S,Lazio,1.0,1.8198607312515376,5.227868661284447,1.492518588900566,Pedro,P,Pedro
4463,A,Esposito Se.,Empoli,2024,1,6.0,6.0,,,,,,,,,,,,,,,,,,,
5676,A,Success,Udinese,2024,0,0.0,0.0,27.0,837.0,1.0,2.894139414653182,1.0,1.4814461851492524,19.0,11.0,4.0,0.0,F M S,Udinese,1.0,2.1328405793756247,5.025094967335463,2.4349495340138674,Success,I,Success
6119,A,Solbakken,Empoli,2024,1,6.5,6.5,1.0,16.0,0.0,0.0,0.0,0.0,0.0,0.0,0.0,0.0,S,Roma,0.0,0.0,0.0,0.0,Solbakken,O,Solbakken
6395,A,Shpendi S.,Empoli,2024,0,0.0,0.0,,,,,,,,,,,,,,,,,,,
6635,A,Pizarro,Udinese,2024,0,0.0,0.0,,,,,,,,,,,,,,,,,,,
6657,A,Gabrielloni,Como,2024,0,0.0,0.0,,,,,,,,,,,,,,,,,,,
6668,A,Partipilo,Parma,2024,0,0.0,0.0,,,,,,,,,,,,,,,,,,,
306,A,Cerri,Como,2024,0,0.0,0.0,,,,,,,,,,,,,,,,,,,
5436,A,Raimondo,Venezia,2024,0,0.0,0.0,1.0,2.0,0.0,0.0,0.0,0.0,0.0,0.0,0.0,0.0,S,Venezia,0.0,0.0,0.0,0.0,Raimondo,A,Raimondo
6418,A,Burnete,Lecce,2024,0,0.0,0.0,1.0,6.0,0.0,0.0,1.0,0.0976818576455116,0.0,1.0,0.0,0.0,S,Lecce,0.0,0.0,0.0976818576455116,0.0976818576455116,Burnete,R,Burnete
6490,A,Cruz,Verona,2024,0,0.0,0.0,,,,,,,,,,,,,,,,,,,
6519,A,Camarda,Milan,2024,0,0.0,0.0,2.0,8.0,0.0,0.0,0.0,0.0,0.0,0.0,0.0,0.0,S,AC Milan,0.0,0.0,0.0,0.0,Camarda,F,Camarda
6565,A,Ankeye,Genoa,2024,0,0.0,0.0,6.0,48.0,0.0,0.0,0.0,0.0,0.0,0.0,0.0,0.0,S,Genoa,0.0,0.0,0.0286079458892345,0.0286079458892345,Ankeye,D,Ankeye
6598,A,Mutandwa,Cagliari,2024,0,0.0,0.0,5.0,25.0,1.0,0.0509538101032376,0.0,0.0,2.0,0.0,0.0,0.0,S,Cagliari,1.0,0.0509538101032376,0.0509538101032376,0.0,Mutandwa,K,Mutandwa
6603,A,Joao Costa,Roma,2024,0,0.0,0.0,,,,,,,,,,,,,,,,,,,
6648,A,Jasim,Como,2024,0,0.0,0.0,,,,,,,,,,,,,,,,,,,
6658,A,Gioacchini,Como,2024,0,0.0,0.0,,,,,,,,,,,,,,,,,,,
6670,A,Charpentier,Parma,2024,0,0.0,0.0,,,,,,,,,,,,,,,,,,,
6822,A,Ekhator,Genoa,2024,0,0.0,0.0,,,,,,,,,,,,,,,,,,,
